Rx-MLS,DA3-4-5-6-MLS,DA4-5-1-2-MLS,DA4-5-6-7-MLS,DA9-10-11-14-MLS,DA9-10-11-12-MLS,DA1-5-6-7-MLS,DA1-12-11-14-MLS,DA1-5-4-20-MLS,DA6-5-4-20-MLS,BA1-2-3-MLS,BA3-4-20-MLS,BA1-5-4-MLS,BA5-4-20-MLS,BA5-6-7-MLS,BA7-6-22-MLS,BA10-11-12-MLS,BA10-11-14-MLS,BA1-12-11-MLS,BA5-1-12-MLS,NB1-12-MLS,NB7-12-MLS,BL1-2-MLS,BL5-6-MLS,BL6-7-MLS,BL11-12-MLS,BL4-20-MLS,BL4-19-MLS,BL6-22-MLS,BL10-15-MLS,HOMO-MLS,LUMO-MLS,DM-MLS,q1-MLS,q2-MLS,q3-MLS,q4-MLS,q5-MLS,q6-MLS,q7-MLS,q8-MLS,q9-MLS,q10-MLS,q11-MLS,q12-MLS,q13-MLS,q14-MLS,q15-MLS,q19-MLS,q20-MLS,q22-MLS,NMR1-MLS,NMR2-MLS,NMR3-MLS,NMR4-MLS,NMR5-MLS,NMR6-MLS,NMR7-MLS,NMR8-MLS,NMR9-MLS,NMR10-MLS,NMR11-MLS,NMR12-MLS,NMR13-MLS,NMR14-MLS,NMR15-MLS,NMR19-MLS,NMR20-MLS,NMR22-MLS,L-R14-MLS,B1-R14-MLS,B5-R14-MLS,L-R15-MLS,B1-R15-MLS,B5-R15-MLS,VF(C6=O7)-MLS,VI(C6=O7)-MLS,VF(C9=O13)-MLS,VI(C9=O13)-MLS,VF(C11-H12)-MLS,VI(C11-H12)-MLS,L-Y-MLS,B1-Y-MLS,B5-Y-MLS,L-X-MLS,B1-X-MLS,B5-X-MLS,L-R16-MLS,B1-R16-MLS,B5-R16-MLS,BV-MLS,BV-SW-MLS,BV-NW-MLS,BV-NE-MLS,BV-SE-MLS,Area-MLS,Volume-MLS,PSA-MLS,Ovality-MLS,HOMO-MC,LUMO-MC,DM-MC,Rx-MC,Ry-MC,Volume-MC,PSA-MC,Ovality-MC,q(Pd)-MC,DM-CP,HOMO-CP,LUMO-CP,Rx-CP,BL1-2-CP,BL1-6-CP,BL1-7-CP,NMR1-CP,NMR2-CP,NMR6-CP,NMR7-CP,q1-CP,q2-CP,q6-CP,Area-CP,Volume-CP,PSA-CP,Ovality-CP,Rx-B,Ry-B,Rz-B,DM-B,HOMO-B,LUMO-B,Area-B,Volume-B,PSA-B,Ovality-B,q(Ag)-A,Rx-A,Ry-A,Rz-A,HOMO-A,LUMO-A,DM-A,Area-A,Volume-A,PSA-A,Ovality-A,Eqv(L),Eqv(B),Eqv(A),Time(H)   ,Temp.,DC(Solvent),%ee
0.15309,126.5644532,21.96898897,171.0376948,149.1063152,15.53055031,18.0116678,89.62888865,94.73316377,111.3845835,114.8762931,111.6908652,113.7327801,113.7299273,121.0054712,118.9556771,124.9352988,112.5512596,112.729287,93.41819508,1.836102406,2.420645862,2.001277109,1.35115619,1.250926191,1.136156277,1.580470532,1.094701066,1.522423658,1.540125965,-0.21981,-0.08224,12.2977,0.60304,-0.50595,0.69543,-0.12132,-0.60967,0.6977,-0.72089,-0.70938,0.84987,-0.15656,-0.44227,0.22129,-0.69414,0.27448,-0.4498,0.28855,-0.04627,-0.78095,-540.1254,70.3947,17.6306,121.9038,138.2126,21.1104,-43.9644,148.3221,14.3704,138.2138,163.2149,33.7409,-47.699,29.0069,154.681,27.7526,151.0825,168.711,4.12,2.76,3.19,2.97,1.5,2.03,1622.17,645.2129,1702.81,785.1858,2586.75,321.1205,5.44,1.67,5.11,2.71,1.03,1.9,4.05,1.5,3.14,41,31.3,46.2,48,38.6,484.21,462.23,56.048,1.67,-0.25204,-0.10901,0,6.15532,0.60903,123.19,54.715,1.35,0.7371,4.5744,-0.25596,-0.05724,1.15225,1.406019492,1.406253972,1.558287756,60.7506,61.0436,61.1724,82.7828,-0.38931,-0.20144,-0.20169,304.55,281.75,33.973,1.47,1.7090757,0.9048213,0.6739296,14.5776,-0.20935,-0.02613,137.9,99.07,67.269,1.33,0.79003,4.44556,0.39348,0.36148,-0.19953,-0.08061,8.1307,97.42,66.37,40.344,1.23,20,1.5,2,12,60,12.58,50
0.10954,143.997942,15.76186053,172.9954683,145.958565,10.71170265,10.20155259,84.48707694,102.1520872,94.42677742,114.3838864,111.1659536,115.6315129,113.0531093,121.7735827,119.2182046,124.4027017,113.7531448,112.0229507,90.77069872,1.820426323,2.32301923,2.028675786,1.3541753,1.24455806,1.140827374,1.56741499,1.096219809,1.526602614,1.096168503,-0.21201,-0.08635,11.1657,0.55719,-0.50982,0.69376,-0.11907,-0.62392,0.69424,-0.69525,-0.65533,0.70275,-0.3343,-0.44029,0.22921,-0.65379,0.27716,0.28,0.2815,-0.24992,-0.779,-491.5675,72.0832,17.1048,124.9717,132.5579,26.3115,-51.2272,138.7675,19.7624,149.5422,167.0035,33.9671,-65.7178,28.4006,28.267,27.7863,147.0339,169.8517,4.21,1.93,4.37,2.97,1.5,2.03,1660.77,516.2632,1723.74,478.8841,2543.05,353.0252,6.5,1.61,7.73,6.37,1.56,7.34,2,1,1,33.1,4.3,46,52.4,29.8,566.14,562.55,46.254,1.72,-0.24249,-0.10002,0.0049,1.28323,0.50214,156.95,19.206,1.5,0.34205,2.2833,-0.24406,-0.05076,3.40911,1.395657952,1.395730873,2.155348296,50.3463,61.0575,60.7489,45.2049,-0.18547,-0.25214,-0.25193,195.62,172.89,20.061,1.3,4.62505,1.97583,1.92072,6.8714,-0.25348,-0.02785,104.28,71.49,77.643,1.25,0.7618,4.46899,0.40537,0.37165,-0.19401,-0.08712,7.3745,96.61,66.09,40.081,1.22,10,2,2,24,80,4.7113,90
0.10954,143.997942,15.76186053,172.9954683,145.958565,10.71170265,10.20155259,84.48707694,102.1520872,94.42677742,114.3838864,111.1659536,115.6315129,113.0531093,121.7735827,119.2182046,124.4027017,113.7531448,112.0229507,90.77069872,1.820426323,2.32301923,2.028675786,1.3541753,1.24455806,1.140827374,1.56741499,1.096219809,1.526602614,1.096168503,-0.21201,-0.08635,11.1657,0.55719,-0.50982,0.69376,-0.11907,-0.62392,0.69424,-0.69525,-0.65533,0.70275,-0.3343,-0.44029,0.22921,-0.65379,0.27716,0.28,0.2815,-0.24992,-0.779,-491.5675,72.0832,17.1048,124.9717,132.5579,26.3115,-51.2272,138.7675,19.7624,149.5422,167.0035,33.9671,-65.7178,28.4006,28.267,27.7863,147.0339,169.8517,4.21,1.93,4.37,2.97,1.5,2.03,1660.77,516.2632,1723.74,478.8841,2543.05,353.0252,6.5,1.61,7.73,6.37,1.56,7.34,2,1,1,33.1,4.3,46,52.4,29.8,566.14,562.55,46.254,1.72,-0.24249,-0.10002,0.0049,1.28323,0.50214,156.95,19.206,1.5,0.34205,2.2833,-0.24406,-0.05076,3.40911,1.395657952,1.395730873,2.155348296,50.3463,61.0575,60.7489,45.2049,-0.18547,-0.25214,-0.25193,195.62,172.89,20.061,1.3,2.91437,2.91167,2.71533,12.4755,-0.22218,-0.01896,99.91,69.49,61.801,1.22,0.7618,4.46899,0.40537,0.37165,-0.19401,-0.08712,7.3745,96.61,66.09,40.081,1.22,10,2,2,24,80,4.7113,90
0.10954,143.997942,15.76186053,172.9954683,145.958565,10.71170265,10.20155259,84.48707694,102.1520872,94.42677742,114.3838864,111.1659536,115.6315129,113.0531093,121.7735827,119.2182046,124.4027017,113.7531448,112.0229507,90.77069872,1.820426323,2.32301923,2.028675786,1.3541753,1.24455806,1.140827374,1.56741499,1.096219809,1.526602614,1.096168503,-0.21201,-0.08635,11.1657,0.55719,-0.50982,0.69376,-0.11907,-0.62392,0.69424,-0.69525,-0.65533,0.70275,-0.3343,-0.44029,0.22921,-0.65379,0.27716,0.28,0.2815,-0.24992,-0.779,-491.5675,72.0832,17.1048,124.9717,132.5579,26.3115,-51.2272,138.7675,19.7624,149.5422,167.0035,33.9671,-65.7178,28.4006,28.267,27.7863,147.0339,169.8517,4.21,1.93,4.37,2.97,1.5,2.03,1660.77,516.2632,1723.74,478.8841,2543.05,353.0252,6.5,1.61,7.73,6.37,1.56,7.34,2,1,1,33.1,4.3,46,52.4,29.8,566.14,562.55,46.254,1.72,-0.24249,-0.10002,0.0049,1.28323,0.50214,156.95,19.206,1.5,0.34205,2.2833,-0.24406,-0.05076,3.40911,1.395657952,1.395730873,2.155348296,50.3463,61.0575,60.7489,45.2049,-0.18547,-0.25214,-0.25193,195.62,172.89,20.061,1.3,1.34416,1.34304,1.09888,16.4739,-0.18161,-0.0357,120.54,83.59,60.142,1.3,0.7618,4.46899,0.40537,0.37165,-0.19401,-0.08712,7.3745,96.61,66.09,40.081,1.22,10,2,2,24,80,4.7113,89
0.10954,143.997942,15.76186053,172.9954683,145.958565,10.71170265,10.20155259,84.48707694,102.1520872,94.42677742,114.3838864,111.1659536,115.6315129,113.0531093,121.7735827,119.2182046,124.4027017,113.7531448,112.0229507,90.77069872,1.820426323,2.32301923,2.028675786,1.3541753,1.24455806,1.140827374,1.56741499,1.096219809,1.526602614,1.096168503,-0.21201,-0.08635,11.1657,0.55719,-0.50982,0.69376,-0.11907,-0.62392,0.69424,-0.69525,-0.65533,0.70275,-0.3343,-0.44029,0.22921,-0.65379,0.27716,0.28,0.2815,-0.24992,-0.779,-491.5675,72.0832,17.1048,124.9717,132.5579,26.3115,-51.2272,138.7675,19.7624,149.5422,167.0035,33.9671,-65.7178,28.4006,28.267,27.7863,147.0339,169.8517,4.21,1.93,4.37,2.97,1.5,2.03,1660.77,516.2632,1723.74,478.8841,2543.05,353.0252,6.5,1.61,7.73,6.37,1.56,7.34,2,1,1,33.1,4.3,46,52.4,29.8,566.14,562.55,46.254,1.72,-0.24249,-0.10002,0.0049,1.28323,0.50214,156.95,19.206,1.5,0.34205,2.2833,-0.24406,-0.05076,3.40911,1.395657952,1.395730873,2.155348296,50.3463,61.0575,60.7489,45.2049,-0.18547,-0.25214,-0.25193,195.62,172.89,20.061,1.3,0.8822095,0.8716063,0.5270431,10.2519,-0.15818,-0.02417,154.63,115.27,60.917,1.35,0.7618,4.46899,0.40537,0.37165,-0.19401,-0.08712,7.3745,96.61,66.09,40.081,1.22,10,2,2,24,80,4.7113,88
0.10954,143.997942,15.76186053,172.9954683,145.958565,10.71170265,10.20155259,84.48707694,102.1520872,94.42677742,114.3838864,111.1659536,115.6315129,113.0531093,121.7735827,119.2182046,124.4027017,113.7531448,112.0229507,90.77069872,1.820426323,2.32301923,2.028675786,1.3541753,1.24455806,1.140827374,1.56741499,1.096219809,1.526602614,1.096168503,-0.21201,-0.08635,11.1657,0.55719,-0.50982,0.69376,-0.11907,-0.62392,0.69424,-0.69525,-0.65533,0.70275,-0.3343,-0.44029,0.22921,-0.65379,0.27716,0.28,0.2815,-0.24992,-0.779,-491.5675,72.0832,17.1048,124.9717,132.5579,26.3115,-51.2272,138.7675,19.7624,149.5422,167.0035,33.9671,-65.7178,28.4006,28.267,27.7863,147.0339,169.8517,4.21,1.93,4.37,2.97,1.5,2.03,1660.77,516.2632,1723.74,478.8841,2543.05,353.0252,6.5,1.61,7.73,6.37,1.56,7.34,2,1,1,33.1,4.3,46,52.4,29.8,566.14,562.55,46.254,1.72,-0.24249,-0.10002,0.0049,1.28323,0.50214,156.95,19.206,1.5,0.34205,2.2833,-0.24406,-0.05076,3.40911,1.395657952,1.395730873,2.155348296,50.3463,61.0575,60.7489,45.2049,-0.18547,-0.25214,-0.25193,195.62,172.89,20.061,1.3,4.77546,3.39066,3.21769,4.4099,-0.26926,-0.00679,97.11,66.69,77.875,1.22,0.7618,4.46899,0.40537,0.37165,-0.19401,-0.08712,7.3745,96.61,66.09,40.081,1.22,10,2,2,24,80,4.7113,88
0.10954,143.997942,15.76186053,172.9954683,145.958565,10.71170265,10.20155259,84.48707694,102.1520872,94.42677742,114.3838864,111.1659536,115.6315129,113.0531093,121.7735827,119.2182046,124.4027017,113.7531448,112.0229507,90.77069872,1.820426323,2.32301923,2.028675786,1.3541753,1.24455806,1.140827374,1.56741499,1.096219809,1.526602614,1.096168503,-0.21201,-0.08635,11.1657,0.55719,-0.50982,0.69376,-0.11907,-0.62392,0.69424,-0.69525,-0.65533,0.70275,-0.3343,-0.44029,0.22921,-0.65379,0.27716,0.28,0.2815,-0.24992,-0.779,-491.5675,72.0832,17.1048,124.9717,132.5579,26.3115,-51.2272,138.7675,19.7624,149.5422,167.0035,33.9671,-65.7178,28.4006,28.267,27.7863,147.0339,169.8517,4.21,1.93,4.37,2.97,1.5,2.03,1660.77,516.2632,1723.74,478.8841,2543.05,353.0252,6.5,1.61,7.73,6.37,1.56,7.34,2,1,1,33.1,4.3,46,52.4,29.8,566.14,562.55,46.254,1.72,-0.24249,-0.10002,0.0049,1.28323,0.50214,156.95,19.206,1.5,0.34205,2.2833,-0.24406,-0.05076,3.40911,1.395657952,1.395730873,2.155348296,50.3463,61.0575,60.7489,45.2049,-0.18547,-0.25214,-0.25193,195.62,172.89,20.061,1.3,2.3575967,1.6680685,1.2193314,12.5461,-0.20678,-0.03271,112.7,77.74,68.681,1.28,0.7618,4.46899,0.40537,0.37165,-0.19401,-0.08712,7.3745,96.61,66.09,40.081,1.22,10,2,2,24,80,4.7113,88
0.10954,143.997942,15.76186053,172.9954683,145.958565,10.71170265,10.20155259,84.48707694,102.1520872,94.42677742,114.3838864,111.1659536,115.6315129,113.0531093,121.7735827,119.2182046,124.4027017,113.7531448,112.0229507,90.77069872,1.820426323,2.32301923,2.028675786,1.3541753,1.24455806,1.140827374,1.56741499,1.096219809,1.526602614,1.096168503,-0.21201,-0.08635,11.1657,0.55719,-0.50982,0.69376,-0.11907,-0.62392,0.69424,-0.69525,-0.65533,0.70275,-0.3343,-0.44029,0.22921,-0.65379,0.27716,0.28,0.2815,-0.24992,-0.779,-491.5675,72.0832,17.1048,124.9717,132.5579,26.3115,-51.2272,138.7675,19.7624,149.5422,167.0035,33.9671,-65.7178,28.4006,28.267,27.7863,147.0339,169.8517,4.21,1.93,4.37,2.97,1.5,2.03,1660.77,516.2632,1723.74,478.8841,2543.05,353.0252,6.5,1.61,7.73,6.37,1.56,7.34,2,1,1,33.1,4.3,46,52.4,29.8,566.14,562.55,46.254,1.72,-0.24249,-0.10002,0.0049,1.28323,0.50214,156.95,19.206,1.5,0.34205,2.2833,-0.24406,-0.05076,3.40911,1.395657952,1.395730873,2.155348296,50.3463,61.0575,60.7489,45.2049,-0.18547,-0.25214,-0.25193,195.62,172.89,20.061,1.3,4.5765645,1.2775363,1.2564017,9.1059,-0.2409,-0.02767,116.75,82.22,76.694,1.28,0.7618,4.46899,0.40537,0.37165,-0.19401,-0.08712,7.3745,96.61,66.09,40.081,1.22,10,2,2,24,80,4.7113,90
0.10954,143.997942,15.76186053,172.9954683,145.958565,10.71170265,10.20155259,84.48707694,102.1520872,94.42677742,114.3838864,111.1659536,115.6315129,113.0531093,121.7735827,119.2182046,124.4027017,113.7531448,112.0229507,90.77069872,1.820426323,2.32301923,2.028675786,1.3541753,1.24455806,1.140827374,1.56741499,1.096219809,1.526602614,1.096168503,-0.21201,-0.08635,11.1657,0.55719,-0.50982,0.69376,-0.11907,-0.62392,0.69424,-0.69525,-0.65533,0.70275,-0.3343,-0.44029,0.22921,-0.65379,0.27716,0.28,0.2815,-0.24992,-0.779,-491.5675,72.0832,17.1048,124.9717,132.5579,26.3115,-51.2272,138.7675,19.7624,149.5422,167.0035,33.9671,-65.7178,28.4006,28.267,27.7863,147.0339,169.8517,4.21,1.93,4.37,2.97,1.5,2.03,1660.77,516.2632,1723.74,478.8841,2543.05,353.0252,6.5,1.61,7.73,6.37,1.56,7.34,2,1,1,33.1,4.3,46,52.4,29.8,566.14,562.55,46.254,1.72,-0.24249,-0.10002,0.0049,1.28323,0.50214,156.95,19.206,1.5,0.34205,2.2833,-0.24406,-0.05076,3.40911,1.395657952,1.395730873,2.155348296,50.3463,61.0575,60.7489,45.2049,-0.18547,-0.25214,-0.25193,195.62,172.89,20.061,1.3,1.8976857,0.8649584,0.6819333,11.2968,-0.19191,-0.02618,136.66,98.65,66.966,1.32,0.7618,4.46899,0.40537,0.37165,-0.19401,-0.08712,7.3745,96.61,66.09,40.081,1.22,10,2,2,24,80,4.7113,90
0.10954,143.997942,15.76186053,172.9954683,145.958565,10.71170265,10.20155259,84.48707694,102.1520872,94.42677742,114.3838864,111.1659536,115.6315129,113.0531093,121.7735827,119.2182046,124.4027017,113.7531448,112.0229507,90.77069872,1.820426323,2.32301923,2.028675786,1.3541753,1.24455806,1.140827374,1.56741499,1.096219809,1.526602614,1.096168503,-0.21201,-0.08635,11.1657,0.55719,-0.50982,0.69376,-0.11907,-0.62392,0.69424,-0.69525,-0.65533,0.70275,-0.3343,-0.44029,0.22921,-0.65379,0.27716,0.28,0.2815,-0.24992,-0.779,-491.5675,72.0832,17.1048,124.9717,132.5579,26.3115,-51.2272,138.7675,19.7624,149.5422,167.0035,33.9671,-65.7178,28.4006,28.267,27.7863,147.0339,169.8517,4.21,1.93,4.37,2.97,1.5,2.03,1660.77,516.2632,1723.74,478.8841,2543.05,353.0252,6.5,1.61,7.73,6.37,1.56,7.34,2,1,1,33.1,4.3,46,52.4,29.8,566.14,562.55,46.254,1.72,-0.24249,-0.10002,0.0049,1.28323,0.50214,156.95,19.206,1.5,0.34205,2.2833,-0.24406,-0.05076,3.40911,1.395657952,1.395730873,2.155348296,50.3463,61.0575,60.7489,45.2049,-0.18547,-0.25214,-0.25193,195.62,172.89,20.061,1.3,9.4940876,5.6635955,3.5474219,7.1891,-0.23227,-0.00731,77.41,52.95,41.429,1.14,0.7618,4.46899,0.40537,0.37165,-0.19401,-0.08712,7.3745,96.61,66.09,40.081,1.22,10,2,2,24,80,4.7113,90
0.10954,143.997942,15.76186053,172.9954683,145.958565,10.71170265,10.20155259,84.48707694,102.1520872,94.42677742,114.3838864,111.1659536,115.6315129,113.0531093,121.7735827,119.2182046,124.4027017,113.7531448,112.0229507,90.77069872,1.820426323,2.32301923,2.028675786,1.3541753,1.24455806,1.140827374,1.56741499,1.096219809,1.526602614,1.096168503,-0.21201,-0.08635,11.1657,0.55719,-0.50982,0.69376,-0.11907,-0.62392,0.69424,-0.69525,-0.65533,0.70275,-0.3343,-0.44029,0.22921,-0.65379,0.27716,0.28,0.2815,-0.24992,-0.779,-491.5675,72.0832,17.1048,124.9717,132.5579,26.3115,-51.2272,138.7675,19.7624,149.5422,167.0035,33.9671,-65.7178,28.4006,28.267,27.7863,147.0339,169.8517,4.21,1.93,4.37,2.97,1.5,2.03,1660.77,516.2632,1723.74,478.8841,2543.05,353.0252,6.5,1.61,7.73,6.37,1.56,7.34,2,1,1,33.1,4.3,46,52.4,29.8,566.14,562.55,46.254,1.72,-0.24249,-0.10002,0.0049,1.28323,0.50214,156.95,19.206,1.5,0.34205,2.2833,-0.24406,-0.05076,3.40911,1.395657952,1.395730873,2.155348296,50.3463,61.0575,60.7489,45.2049,-0.18547,-0.25214,-0.25193,195.62,172.89,20.061,1.3,4.5613963,0.9400504,0.7794907,10.9086,-0.15212,-0.02372,114.63,83.12,37.755,1.24,0.7618,4.46899,0.40537,0.37165,-0.19401,-0.08712,7.3745,96.61,66.09,40.081,1.22,10,2,2,24,80,4.7113,74
0.10954,143.997942,15.76186053,172.9954683,145.958565,10.71170265,10.20155259,84.48707694,102.1520872,94.42677742,114.3838864,111.1659536,115.6315129,113.0531093,121.7735827,119.2182046,124.4027017,113.7531448,112.0229507,90.77069872,1.820426323,2.32301923,2.028675786,1.3541753,1.24455806,1.140827374,1.56741499,1.096219809,1.526602614,1.096168503,-0.21201,-0.08635,11.1657,0.55719,-0.50982,0.69376,-0.11907,-0.62392,0.69424,-0.69525,-0.65533,0.70275,-0.3343,-0.44029,0.22921,-0.65379,0.27716,0.28,0.2815,-0.24992,-0.779,-491.5675,72.0832,17.1048,124.9717,132.5579,26.3115,-51.2272,138.7675,19.7624,149.5422,167.0035,33.9671,-65.7178,28.4006,28.267,27.7863,147.0339,169.8517,4.21,1.93,4.37,2.97,1.5,2.03,1660.77,516.2632,1723.74,478.8841,2543.05,353.0252,6.5,1.61,7.73,6.37,1.56,7.34,2,1,1,33.1,4.3,46,52.4,29.8,566.14,562.55,46.254,1.72,-0.24249,-0.10002,0.0049,1.28323,0.50214,156.95,19.206,1.5,0.34205,2.2833,-0.24406,-0.05076,3.40911,1.395657952,1.395730873,2.155348296,50.3463,61.0575,60.7489,45.2049,-0.18547,-0.25214,-0.25193,195.62,172.89,20.061,1.3,2.99861,0.20926,0.19564,13.7262,-0.1026,-0.01754,146.45,112.43,37.952,1.3,0.7618,4.46899,0.40537,0.37165,-0.19401,-0.08712,7.3745,96.61,66.09,40.081,1.22,10,2,2,24,80,4.7113,80
0.10954,143.997942,15.76186053,172.9954683,145.958565,10.71170265,10.20155259,84.48707694,102.1520872,94.42677742,114.3838864,111.1659536,115.6315129,113.0531093,121.7735827,119.2182046,124.4027017,113.7531448,112.0229507,90.77069872,1.820426323,2.32301923,2.028675786,1.3541753,1.24455806,1.140827374,1.56741499,1.096219809,1.526602614,1.096168503,-0.21201,-0.08635,11.1657,0.55719,-0.50982,0.69376,-0.11907,-0.62392,0.69424,-0.69525,-0.65533,0.70275,-0.3343,-0.44029,0.22921,-0.65379,0.27716,0.28,0.2815,-0.24992,-0.779,-491.5675,72.0832,17.1048,124.9717,132.5579,26.3115,-51.2272,138.7675,19.7624,149.5422,167.0035,33.9671,-65.7178,28.4006,28.267,27.7863,147.0339,169.8517,4.21,1.93,4.37,2.97,1.5,2.03,1660.77,516.2632,1723.74,478.8841,2543.05,353.0252,6.5,1.61,7.73,6.37,1.56,7.34,2,1,1,33.1,4.3,46,52.4,29.8,566.14,562.55,46.254,1.72,-0.24249,-0.10002,0.0049,1.28323,0.50214,156.95,19.206,1.5,0.34205,2.2833,-0.24406,-0.05076,3.40911,1.395657952,1.395730873,2.155348296,50.3463,61.0575,60.7489,45.2049,-0.18547,-0.25214,-0.25193,195.62,172.89,20.061,1.3,12.1621663,3.2763241,2.5810318,7.0011,-0.23789,-0.02692,82.04,56.14,48.08,1.16,0.7618,4.46899,0.40537,0.37165,-0.19401,-0.08712,7.3745,96.61,66.09,40.081,1.22,10,2,2,24,80,4.7113,88
0.10954,143.997942,15.76186053,172.9954683,145.958565,10.71170265,10.20155259,84.48707694,102.1520872,94.42677742,114.3838864,111.1659536,115.6315129,113.0531093,121.7735827,119.2182046,124.4027017,113.7531448,112.0229507,90.77069872,1.820426323,2.32301923,2.028675786,1.3541753,1.24455806,1.140827374,1.56741499,1.096219809,1.526602614,1.096168503,-0.21201,-0.08635,11.1657,0.55719,-0.50982,0.69376,-0.11907,-0.62392,0.69424,-0.69525,-0.65533,0.70275,-0.3343,-0.44029,0.22921,-0.65379,0.27716,0.28,0.2815,-0.24992,-0.779,-491.5675,72.0832,17.1048,124.9717,132.5579,26.3115,-51.2272,138.7675,19.7624,149.5422,167.0035,33.9671,-65.7178,28.4006,28.267,27.7863,147.0339,169.8517,4.21,1.93,4.37,2.97,1.5,2.03,1660.77,516.2632,1723.74,478.8841,2543.05,353.0252,6.5,1.61,7.73,6.37,1.56,7.34,2,1,1,33.1,4.3,46,52.4,29.8,566.14,562.55,46.254,1.72,-0.24249,-0.10002,0.0049,1.28323,0.50214,156.95,19.206,1.5,0.34205,2.2833,-0.24406,-0.05076,3.40911,1.395657952,1.395730873,2.155348296,50.3463,61.0575,60.7489,45.2049,-0.18547,-0.25214,-0.25193,195.62,172.89,20.061,1.3,12.085065,1.9797166,1.7010611,9.196,-0.22148,-0.02624,94.46,66.82,47.196,1.19,0.7618,4.46899,0.40537,0.37165,-0.19401,-0.08712,7.3745,96.61,66.09,40.081,1.22,10,2,2,24,80,4.7113,90
0.10954,143.997942,15.76186053,172.9954683,145.958565,10.71170265,10.20155259,84.48707694,102.1520872,94.42677742,114.3838864,111.1659536,115.6315129,113.0531093,121.7735827,119.2182046,124.4027017,113.7531448,112.0229507,90.77069872,1.820426323,2.32301923,2.028675786,1.3541753,1.24455806,1.140827374,1.56741499,1.096219809,1.526602614,1.096168503,-0.21201,-0.08635,11.1657,0.55719,-0.50982,0.69376,-0.11907,-0.62392,0.69424,-0.69525,-0.65533,0.70275,-0.3343,-0.44029,0.22921,-0.65379,0.27716,0.28,0.2815,-0.24992,-0.779,-491.5675,72.0832,17.1048,124.9717,132.5579,26.3115,-51.2272,138.7675,19.7624,149.5422,167.0035,33.9671,-65.7178,28.4006,28.267,27.7863,147.0339,169.8517,4.21,1.93,4.37,2.97,1.5,2.03,1660.77,516.2632,1723.74,478.8841,2543.05,353.0252,6.5,1.61,7.73,6.37,1.56,7.34,2,1,1,33.1,4.3,46,52.4,29.8,566.14,562.55,46.254,1.72,-0.24249,-0.10002,0.0049,1.28323,0.50214,156.95,19.206,1.5,0.34205,2.2833,-0.24406,-0.05076,3.40911,1.395657952,1.395730873,2.155348296,50.3463,61.0575,60.7489,45.2049,-0.18547,-0.25214,-0.25193,195.62,172.89,20.061,1.3,11.8176629,6.0822018,4.1180652,3.587,-0.25016,-0.00113,87.07,62.98,28.45,1.14,0.7618,4.46899,0.40537,0.37165,-0.19401,-0.08712,7.3745,96.61,66.09,40.081,1.22,10,2,2,24,80,4.7113,90
0.10954,143.997942,15.76186053,172.9954683,145.958565,10.71170265,10.20155259,84.48707694,102.1520872,94.42677742,114.3838864,111.1659536,115.6315129,113.0531093,121.7735827,119.2182046,124.4027017,113.7531448,112.0229507,90.77069872,1.820426323,2.32301923,2.028675786,1.3541753,1.24455806,1.140827374,1.56741499,1.096219809,1.526602614,1.096168503,-0.21201,-0.08635,11.1657,0.55719,-0.50982,0.69376,-0.11907,-0.62392,0.69424,-0.69525,-0.65533,0.70275,-0.3343,-0.44029,0.22921,-0.65379,0.27716,0.28,0.2815,-0.24992,-0.779,-491.5675,72.0832,17.1048,124.9717,132.5579,26.3115,-51.2272,138.7675,19.7624,149.5422,167.0035,33.9671,-65.7178,28.4006,28.267,27.7863,147.0339,169.8517,4.21,1.93,4.37,2.97,1.5,2.03,1660.77,516.2632,1723.74,478.8841,2543.05,353.0252,6.5,1.61,7.73,6.37,1.56,7.34,2,1,1,33.1,4.3,46,52.4,29.8,566.14,562.55,46.254,1.72,-0.24249,-0.10002,0.0049,1.28323,0.50214,156.95,19.206,1.5,0.34205,2.2833,-0.24406,-0.05076,3.40911,1.395657952,1.395730873,2.155348296,50.3463,61.0575,60.7489,45.2049,-0.18547,-0.25214,-0.25193,195.62,172.89,20.061,1.3,11.6104351,3.0878107,2.4766389,5.9,-0.22866,-0.02463,93.91,67.65,27.889,1.17,0.7618,4.46899,0.40537,0.37165,-0.19401,-0.08712,7.3745,96.61,66.09,40.081,1.22,10,2,2,24,80,4.7113,92
0.10954,143.997942,15.76186053,172.9954683,145.958565,10.71170265,10.20155259,84.48707694,102.1520872,94.42677742,114.3838864,111.1659536,115.6315129,113.0531093,121.7735827,119.2182046,124.4027017,113.7531448,112.0229507,90.77069872,1.820426323,2.32301923,2.028675786,1.3541753,1.24455806,1.140827374,1.56741499,1.096219809,1.526602614,1.096168503,-0.21201,-0.08635,11.1657,0.55719,-0.50982,0.69376,-0.11907,-0.62392,0.69424,-0.69525,-0.65533,0.70275,-0.3343,-0.44029,0.22921,-0.65379,0.27716,0.28,0.2815,-0.24992,-0.779,-491.5675,72.0832,17.1048,124.9717,132.5579,26.3115,-51.2272,138.7675,19.7624,149.5422,167.0035,33.9671,-65.7178,28.4006,28.267,27.7863,147.0339,169.8517,4.21,1.93,4.37,2.97,1.5,2.03,1660.77,516.2632,1723.74,478.8841,2543.05,353.0252,6.5,1.61,7.73,6.37,1.56,7.34,2,1,1,33.1,4.3,46,52.4,29.8,566.14,562.55,46.254,1.72,-0.24249,-0.10002,0.0049,1.28323,0.50214,156.95,19.206,1.5,0.34205,2.2833,-0.24406,-0.05076,3.40911,1.395657952,1.395730873,2.155348296,50.3463,61.0575,60.7489,45.2049,-0.18547,-0.25214,-0.25193,195.62,172.89,20.061,1.3,11.5335211,1.915588,1.6596176,8.1178,-0.21164,-0.02434,106.35,78.34,26.907,1.2,0.7618,4.46899,0.40537,0.37165,-0.19401,-0.08712,7.3745,96.61,66.09,40.081,1.22,10,2,2,24,80,4.7113,92
0.10954,143.997942,15.76186053,172.9954683,145.958565,10.71170265,10.20155259,84.48707694,102.1520872,94.42677742,114.3838864,111.1659536,115.6315129,113.0531093,121.7735827,119.2182046,124.4027017,113.7531448,112.0229507,90.77069872,1.820426323,2.32301923,2.028675786,1.3541753,1.24455806,1.140827374,1.56741499,1.096219809,1.526602614,1.096168503,-0.21201,-0.08635,11.1657,0.55719,-0.50982,0.69376,-0.11907,-0.62392,0.69424,-0.69525,-0.65533,0.70275,-0.3343,-0.44029,0.22921,-0.65379,0.27716,0.28,0.2815,-0.24992,-0.779,-491.5675,72.0832,17.1048,124.9717,132.5579,26.3115,-51.2272,138.7675,19.7624,149.5422,167.0035,33.9671,-65.7178,28.4006,28.267,27.7863,147.0339,169.8517,4.21,1.93,4.37,2.97,1.5,2.03,1660.77,516.2632,1723.74,478.8841,2543.05,353.0252,6.5,1.61,7.73,6.37,1.56,7.34,2,1,1,33.1,4.3,46,52.4,29.8,566.14,562.55,46.254,1.72,-0.24249,-0.10002,0.0049,1.28323,0.50214,156.95,19.206,1.5,0.34205,2.2833,-0.24406,-0.05076,3.40911,1.395657952,1.395730873,2.155348296,50.3463,61.0575,60.7489,45.2049,-0.18547,-0.25214,-0.25193,195.62,172.89,20.061,1.3,11.4701789,0.8860651,0.8267814,11.8961,-0.1856,-0.01811,123.45,93.34,27.38,1.24,0.7618,4.46899,0.40537,0.37165,-0.19401,-0.08712,7.3745,96.61,66.09,40.081,1.22,10,2,2,24,80,4.7113,90
0.10954,143.997942,15.76186053,172.9954683,145.958565,10.71170265,10.20155259,84.48707694,102.1520872,94.42677742,114.3838864,111.1659536,115.6315129,113.0531093,121.7735827,119.2182046,124.4027017,113.7531448,112.0229507,90.77069872,1.820426323,2.32301923,2.028675786,1.3541753,1.24455806,1.140827374,1.56741499,1.096219809,1.526602614,1.096168503,-0.21201,-0.08635,11.1657,0.55719,-0.50982,0.69376,-0.11907,-0.62392,0.69424,-0.69525,-0.65533,0.70275,-0.3343,-0.44029,0.22921,-0.65379,0.27716,0.28,0.2815,-0.24992,-0.779,-491.5675,72.0832,17.1048,124.9717,132.5579,26.3115,-51.2272,138.7675,19.7624,149.5422,167.0035,33.9671,-65.7178,28.4006,28.267,27.7863,147.0339,169.8517,4.21,1.93,4.37,2.97,1.5,2.03,1660.77,516.2632,1723.74,478.8841,2543.05,353.0252,6.5,1.61,7.73,6.37,1.56,7.34,2,1,1,33.1,4.3,46,52.4,29.8,566.14,562.55,46.254,1.72,-0.24249,-0.10002,0.0049,1.28323,0.50214,156.95,19.206,1.5,0.34205,2.2833,-0.24406,-0.05076,3.40911,1.395657952,1.395730873,2.155348296,50.3463,61.0575,60.7489,45.2049,-0.18547,-0.25214,-0.25193,195.62,172.89,20.061,1.3,3.86437,1.14299,1.04723,8.981,-0.26367,-0.02973,111.48,81.95,27.844,1.22,0.7618,4.46899,0.40537,0.37165,-0.19401,-0.08712,7.3745,96.61,66.09,40.081,1.22,10,2,2,24,80,4.7113,81
0.10954,143.997942,15.76186053,172.9954683,145.958565,10.71170265,10.20155259,84.48707694,102.1520872,94.42677742,114.3838864,111.1659536,115.6315129,113.0531093,121.7735827,119.2182046,124.4027017,113.7531448,112.0229507,90.77069872,1.820426323,2.32301923,2.028675786,1.3541753,1.24455806,1.140827374,1.56741499,1.096219809,1.526602614,1.096168503,-0.21201,-0.08635,11.1657,0.55719,-0.50982,0.69376,-0.11907,-0.62392,0.69424,-0.69525,-0.65533,0.70275,-0.3343,-0.44029,0.22921,-0.65379,0.27716,0.28,0.2815,-0.24992,-0.779,-491.5675,72.0832,17.1048,124.9717,132.5579,26.3115,-51.2272,138.7675,19.7624,149.5422,167.0035,33.9671,-65.7178,28.4006,28.267,27.7863,147.0339,169.8517,4.21,1.93,4.37,2.97,1.5,2.03,1660.77,516.2632,1723.74,478.8841,2543.05,353.0252,6.5,1.61,7.73,6.37,1.56,7.34,2,1,1,33.1,4.3,46,52.4,29.8,566.14,562.55,46.254,1.72,-0.2843,-0.14913,0.1827,1.96369,0.16746,151.44,54.636,1.43,0.80027,2.2833,-0.24406,-0.05076,3.40911,1.395657952,1.395730873,2.155348296,50.3463,61.0575,60.7489,45.2049,-0.18547,-0.25214,-0.25193,195.62,172.89,20.061,1.3,4.62505,1.97583,1.92072,6.8714,-0.25348,-0.02785,104.28,71.49,77.643,1.25,0.7618,4.46899,0.40537,0.37165,-0.19401,-0.08712,7.3745,96.61,66.09,40.081,1.22,10,2,2,24,80,4.7113,70
0.10954,143.997942,15.76186053,172.9954683,145.958565,10.71170265,10.20155259,84.48707694,102.1520872,94.42677742,114.3838864,111.1659536,115.6315129,113.0531093,121.7735827,119.2182046,124.4027017,113.7531448,112.0229507,90.77069872,1.820426323,2.32301923,2.028675786,1.3541753,1.24455806,1.140827374,1.56741499,1.096219809,1.526602614,1.096168503,-0.21201,-0.08635,11.1657,0.55719,-0.50982,0.69376,-0.11907,-0.62392,0.69424,-0.69525,-0.65533,0.70275,-0.3343,-0.44029,0.22921,-0.65379,0.27716,0.28,0.2815,-0.24992,-0.779,-491.5675,72.0832,17.1048,124.9717,132.5579,26.3115,-51.2272,138.7675,19.7624,149.5422,167.0035,33.9671,-65.7178,28.4006,28.267,27.7863,147.0339,169.8517,4.21,1.93,4.37,2.97,1.5,2.03,1660.77,516.2632,1723.74,478.8841,2543.05,353.0252,6.5,1.61,7.73,6.37,1.56,7.34,2,1,1,33.1,4.3,46,52.4,29.8,566.14,562.55,46.254,1.72,-0.23683,-0.06342,0.9683,1.56059,0.28222,184.43,0,1.5,0.23951,2.2833,-0.24406,-0.05076,3.40911,1.395657952,1.395730873,2.155348296,50.3463,61.0575,60.7489,45.2049,-0.18547,-0.25214,-0.25193,195.62,172.89,20.061,1.3,4.62505,1.97583,1.92072,6.8714,-0.25348,-0.02785,104.28,71.49,77.643,1.25,0.7618,4.46899,0.40537,0.37165,-0.19401,-0.08712,7.3745,96.61,66.09,40.081,1.22,10,2,2,24,80,4.7113,68
0.10954,143.997942,15.76186053,172.9954683,145.958565,10.71170265,10.20155259,84.48707694,102.1520872,94.42677742,114.3838864,111.1659536,115.6315129,113.0531093,121.7735827,119.2182046,124.4027017,113.7531448,112.0229507,90.77069872,1.820426323,2.32301923,2.028675786,1.3541753,1.24455806,1.140827374,1.56741499,1.096219809,1.526602614,1.096168503,-0.21201,-0.08635,11.1657,0.55719,-0.50982,0.69376,-0.11907,-0.62392,0.69424,-0.69525,-0.65533,0.70275,-0.3343,-0.44029,0.22921,-0.65379,0.27716,0.28,0.2815,-0.24992,-0.779,-491.5675,72.0832,17.1048,124.9717,132.5579,26.3115,-51.2272,138.7675,19.7624,149.5422,167.0035,33.9671,-65.7178,28.4006,28.267,27.7863,147.0339,169.8517,4.21,1.93,4.37,2.97,1.5,2.03,1660.77,516.2632,1723.74,478.8841,2543.05,353.0252,6.5,1.61,7.73,6.37,1.56,7.34,2,1,1,33.1,4.3,46,52.4,29.8,566.14,562.55,46.254,1.72,-0.2417,-0.09893,0,0.8902,0.08132,288.35,19.201,1.59,0.34494,2.2833,-0.24406,-0.05076,3.40911,1.395657952,1.395730873,2.155348296,50.3463,61.0575,60.7489,45.2049,-0.18547,-0.25214,-0.25193,195.62,172.89,20.061,1.3,4.62505,1.97583,1.92072,6.8714,-0.25348,-0.02785,104.28,71.49,77.643,1.25,0.7618,4.46899,0.40537,0.37165,-0.19401,-0.08712,7.3745,96.61,66.09,40.081,1.22,10,2,2,24,80,4.7113,82
0.10954,143.997942,15.76186053,172.9954683,145.958565,10.71170265,10.20155259,84.48707694,102.1520872,94.42677742,114.3838864,111.1659536,115.6315129,113.0531093,121.7735827,119.2182046,124.4027017,113.7531448,112.0229507,90.77069872,1.820426323,2.32301923,2.028675786,1.3541753,1.24455806,1.140827374,1.56741499,1.096219809,1.526602614,1.096168503,-0.21201,-0.08635,11.1657,0.55719,-0.50982,0.69376,-0.11907,-0.62392,0.69424,-0.69525,-0.65533,0.70275,-0.3343,-0.44029,0.22921,-0.65379,0.27716,0.28,0.2815,-0.24992,-0.779,-491.5675,72.0832,17.1048,124.9717,132.5579,26.3115,-51.2272,138.7675,19.7624,149.5422,167.0035,33.9671,-65.7178,28.4006,28.267,27.7863,147.0339,169.8517,4.21,1.93,4.37,2.97,1.5,2.03,1660.77,516.2632,1723.74,478.8841,2543.05,353.0252,6.5,1.61,7.73,6.37,1.56,7.34,2,1,1,33.1,4.3,46,52.4,29.8,566.14,562.55,46.254,1.72,-0.24806,-0.1208,2.6821,0.2859,0.05776,380.54,128.198,1.82,0.6227,2.2833,-0.24406,-0.05076,3.40911,1.395657952,1.395730873,2.155348296,50.3463,61.0575,60.7489,45.2049,-0.18547,-0.25214,-0.25193,195.62,172.89,20.061,1.3,4.62505,1.97583,1.92072,6.8714,-0.25348,-0.02785,104.28,71.49,77.643,1.25,0.7618,4.46899,0.40537,0.37165,-0.19401,-0.08712,7.3745,96.61,66.09,40.081,1.22,10,2,2,24,80,4.7113,76
0.10944,144.0091334,16.29198101,173.277449,145.6894665,10.58979944,9.878189963,84.04258032,101.4964715,94.45910305,114.3934974,111.2023535,115.5622969,112.9761545,121.7865464,119.279775,124.2063017,113.6330324,112.146144,90.87822494,1.82250418,2.334782312,2.027814955,1.353222566,1.245648595,1.140145441,1.567291734,1.095797444,1.526253567,1.096083954,-0.21095,-0.08495,11.7788,0.55639,-0.51029,0.69479,-0.11994,-0.62279,0.69417,-0.69989,-0.6559,0.70303,-0.33444,-0.43987,0.22852,-0.65854,0.27855,0.2823,0.28508,-0.24997,-0.78036,-491.9297,72.6138,16.8913,125.0059,131.9594,25.962,-47.9432,138.2419,19.4765,149.4565,166.9177,33.9931,-62.1733,28.3612,28.2073,27.7093,147.1145,169.8115,4.21,1.93,4.37,2.97,1.5,2.03,1655.5,669.6332,1719.89,517.5738,2549.04,386.5439,6.5,1.61,7.73,6.37,1.56,7.34,2,1,1,33.1,4.3,46,52.4,29.8,566.97,562.65,46.334,1.72,-0.25626,-0.10955,0,6.15884,0.61112,123.14,54.68,1.35,0.70766,2.339,-0.24345,-0.05003,3.40573,1.395740439,1.395869687,2.155362859,50.2129,60.8984,60.6739,45.1926,-0.1871,-0.25301,-0.25306,195.65,172.91,20.063,1.3,4.6075714,1.9696315,1.9151414,7.0451,-0.25415,-0.02319,104.43,71.55,77.705,1.25,0.76962,4.43512,0.403,0.36943,-0.19098,-0.08033,7.6856,96.84,66.17,40.149,1.22,10,2,2,24,80,10.125,88
0.10935,143.9510399,16.10293607,173.1810287,145.7628825,10.6696792,10.04847442,84.13521105,101.7642058,94.46321767,114.3919453,111.2246472,115.5872614,113.0000071,121.7802542,119.2698639,124.2296004,113.6433953,112.1820625,90.87346176,1.822655451,2.332765414,2.028021747,1.3535192,1.24542225,1.140194987,1.567308022,1.09586952,1.526405534,1.096120869,-0.21102,-0.08516,11.6927,0.55646,-0.51025,0.69459,-0.11983,-0.623,0.6941,-0.69891,-0.65589,0.70291,-0.33443,-0.43991,0.22865,-0.65758,0.27835,0.28196,0.2846,-0.24998,-0.78017,-491.8633,72.5471,16.9172,125.0022,132.0819,26.0257,-48.6614,138.3364,19.5297,149.471,166.9304,33.9882,-62.8883,28.3669,28.216,27.7196,147.1038,169.8195,4.21,1.93,4.37,2.97,1.5,2.03,1656.46,658.0873,1720.63,511.7106,2548.66,384.0794,6.5,1.61,7.73,6.37,1.56,7.34,2,1,1,33.1,4.3,46,52.4,29.8,567.25,562.7,46.328,1.72,-0.25633,-0.10958,0,6.15871,0.61108,123.15,54.68,1.35,0.70783,2.3321,-0.24351,-0.05007,3.40577,1.395783921,1.395879663,2.155540173,50.2372,60.9201,60.6834,45.1956,-0.1869,-0.2529,-0.25292,195.65,172.91,20.063,1.3,4.6089053,1.9704947,1.9156701,7.0229,-0.2539,-0.02371,104.41,71.55,77.697,1.25,0.76828,4.43572,0.40353,0.36988,-0.19114,-0.08111,7.6428,96.81,66.16,40.138,1.22,10,2,2,24,80,8.93,89
0.10963,144.4577707,15.80168052,173.5540162,145.9116272,10.59043716,10.17991832,84.39526908,101.9344785,94.06609431,114.4299704,111.1057723,115.6173349,112.9934437,121.8528196,119.3038182,124.4998528,113.7277228,111.7920567,90.74896787,1.819835553,2.321582301,2.028087078,1.355405087,1.243181003,1.141186884,1.567793329,1.096159561,1.52712246,1.09612635,-0.21014,-0.08499,11.1272,0.55518,-0.50992,0.69276,-0.1193,-0.62502,0.69292,-0.68916,-0.65657,0.70093,-0.33426,-0.43963,0.22912,-0.64789,0.27709,0.27984,0.28193,-0.25008,-0.7791,-490.5498,72.0881,17.0341,125.0016,133.2154,26.5662,-55.9516,139.1209,20.0295,149.5798,166.9637,33.9513,-70.1558,28.4024,28.2698,27.775,147.0315,169.8938,4.21,1.93,4.37,2.97,1.5,2.03,1669.35,609.5127,1730.47,467.0818,2544.3,354.9044,6.5,1.61,7.73,6.37,1.56,7.34,2,1,1,33.1,4.3,46,52.4,29.8,565.91,562.51,46.185,1.72,-0.2582,-0.10973,0.0001,6.15816,0.61175,123.13,54.67,1.35,0.70254,2.2767,-0.24362,-0.04987,3.40795,1.395607236,1.39572637,2.155387368,50.4376,61.0191,60.7336,45.2193,-0.18619,-0.25244,-0.25235,195.62,172.89,20.06,1.3,4.6184936,1.9767523,1.9197962,6.9562,-0.25037,-0.02591,104.26,71.51,77.635,1.25,0.75515,4.518,0.40447,0.37125,-0.18994,-0.08486,7.2408,96.55,66.06,40.072,1.22,10,2,2,24,80,5.78,92
0.10963,144.8531414,17.66992719,174.3340953,144.9296127,9.785885993,8.705670454,82.73893759,100.0129912,93.63861061,114.2865676,111.2755454,115.2960674,112.9646746,121.7116634,118.9730208,123.420623,113.7614051,112.5991764,91.61638114,1.818109816,2.37813461,2.028460093,1.346610325,1.252858432,1.139210734,1.566748494,1.095411063,1.524001863,1.096091658,-0.21645,-0.08798,12.7445,0.56322,-0.5096,0.69826,-0.12027,-0.61588,0.70107,-0.73283,-0.65136,0.71091,-0.3348,-0.4407,0.22634,-0.69049,0.28101,0.28644,0.28845,-0.24962,-0.78194,-495.7638,72.7068,16.9268,124.902,128.1836,24.3668,-23.2917,135.7431,17.9365,149.1471,166.8061,34.1149,-38.4423,28.2956,28.1052,27.6407,147.2405,169.6477,4.21,1.93,4.37,2.97,1.5,2.03,1615.62,856.5307,1666.31,668.0934,2549.99,427.5118,6.5,1.61,7.73,6.37,1.56,7.34,2,1,1,33.1,4.3,46,52.4,29.8,566.94,562.61,46.631,1.72,-0.25089,-0.10865,0,6.15737,0.60887,123.19,54.714,1.35,0.74907,2.4711,-0.24419,-0.0529,3.40459,1.395758783,1.395902444,2.154640103,49.4615,60.7543,60.6024,45.0972,-0.18637,-0.25297,-0.25298,195.67,172.91,20.079,1.3,4.6318901,1.9466946,1.8981373,7.1475,-0.26727,-0.02343,104.7,71.6,77.748,1.26,0.79875,4.46774,0.38892,0.35777,-0.203,-0.07991,8.3156,97.67,66.44,40.427,1.23,10,2,2,24,80,16.777,72
0.10975,145.1618718,14.81531982,173.9185679,146.2806712,10.73108749,10.86391181,84.99238965,103.0865048,93.2582428,114.4751796,111.1058886,115.7291558,113.0278943,121.9050241,119.2224062,124.7944366,113.9686201,111.5462244,90.74877861,1.814743996,2.308945294,2.028934034,1.357493385,1.24056556,1.142484938,1.568280807,1.096816443,1.528130997,1.09618761,-0.21151,-0.0874,9.9983,0.55561,-0.50879,0.69044,-0.11785,-0.62775,0.69216,-0.67758,-0.65592,0.69931,-0.33361,-0.43998,0.23002,-0.6362,0.27441,0.27574,0.27595,-0.24998,-0.77644,-489.3875,70.9924,17.415,124.9615,134.581,27.3505,-64.4171,140.2429,20.7127,149.7463,167.0981,33.8956,-78.9621,28.4779,28.3755,27.8999,146.8749,169.9565,4.21,1.93,4.37,2.97,1.5,2.03,1684.77,357.4145,1740.89,392.9774,2531.1,298.6345,6.5,1.61,7.73,6.37,1.56,7.34,2,1,1,33.1,4.3,46,52.4,29.8,564.23,562.24,46.01,1.71,-0.25867,-0.11004,0,6.15369,0.612,123.13,54.669,1.35,0.70822,2.1671,-0.2451,-0.05143,3.41265,1.395393595,1.395503841,2.154930287,50.7236,61.2905,60.8662,45.2279,-0.18369,-0.25086,-0.25045,195.56,172.85,20.053,1.3,4.6284878,1.9938964,1.9333646,6.5995,-0.2482,-0.03578,103.97,71.41,77.504,1.25,0.73454,4.51342,0.4129,0.37829,-0.19461,-0.09796,6.668,96.06,65.89,39.914,1.22,10,2,2,24,80,2.3741,90
0.1096,143.526525,16.99198345,173.2920035,145.6692657,10.59682126,9.599614911,83.92954677,100.5819465,95.06355541,114.4073825,111.1848714,115.4692296,112.8844006,121.8468379,119.3750201,124.269172,113.4783901,111.9313451,90.68504237,1.82454682,2.337804959,2.026724224,1.353347274,1.245626503,1.140077481,1.56716662,1.095526812,1.526114122,1.096085039,-0.20927,-0.08324,12.1678,0.55395,-0.51038,0.69444,-0.12053,-0.62304,0.69347,-0.69856,-0.65705,0.70198,-0.33437,-0.43887,0.22782,-0.6572,0.27934,0.28352,0.28717,-0.25003,-0.78109,-491.018,72.7576,16.7515,125.0517,132.0446,25.9243,-49.0944,138.2017,19.4914,149.4242,166.7814,34.0023,-63.2273,28.3379,28.175,27.6621,147.1442,169.819,4.21,1.93,4.37,2.97,1.5,2.03,1657.16,634.4146,1721.25,532.6056,2552.07,399.2157,6.5,1.61,7.73,6.37,1.56,7.34,2,1,1,33.1,4.3,46,52.4,29.8,567.19,562.68,46.421,1.72,-0.25796,-0.10975,0,6.15823,0.61163,123.13,54.68,1.35,0.69835,2.3601,-0.24306,-0.04933,3.40444,1.395613656,1.395878041,2.155164295,50.1861,60.7792,60.6255,45.1875,-0.18854,-0.25371,-0.25398,195.67,172.92,20.073,1.3,4.6054859,1.9633261,1.9094026,7.2457,-0.25205,-0.01985,104.51,71.59,77.751,1.25,0.76924,4.49147,0.39897,0.36644,-0.187,-0.07573,7.71,96.96,66.21,40.204,1.23,10,2,2,24,80,37.219,72
0.1097,145.3510292,14.54434014,173.9846924,146.3711225,10.78885914,11.03550959,85.17878768,103.4136669,93.04482439,114.4841245,111.1030005,115.7645679,113.0440852,121.9136494,119.2089242,124.8667917,114.0241524,111.5372344,90.73919572,1.813588327,2.305010844,2.029124341,1.358000551,1.24001717,1.14274213,1.568378559,1.096972848,1.528471622,1.096203504,-0.21188,-0.08804,9.7582,0.55562,-0.50851,0.68991,-0.11754,-0.6284,0.69199,-0.67499,-0.65576,0.69892,-0.33341,-0.44,0.23017,-0.63355,0.27382,0.27487,0.27471,-0.24995,-0.77582,-489.0892,70.7321,17.5002,124.9555,134.8841,27.5239,-66.319,140.4909,20.8683,149.7806,167.1216,33.883,-80.9739,28.4945,28.398,27.9252,146.8399,169.9659,4.21,1.93,4.37,2.97,1.5,2.03,1687.17,384.0901,1742.88,377.6408,2527.89,287.1555,6.5,1.61,7.73,6.37,1.56,7.34,2,1,1,33.1,4.3,46,52.4,29.8,564.04,562.21,45.964,1.71,-0.2588,-0.11014,0,6.15285,0.61202,123.13,54.669,1.35,0.70954,2.1431,-0.24557,-0.05193,3.41339,1.395416472,1.395518842,2.154847669,50.7831,61.3468,60.8956,45.2251,-0.1832,-0.25052,-0.25005,195.54,172.85,20.051,1.3,4.6316396,1.9981916,1.9365919,6.5148,-0.24769,-0.03831,103.89,71.38,77.47,1.25,0.72947,4.5092,0.41492,0.37995,-0.19582,-0.10111,6.539,95.95,65.86,39.879,1.22,10,2,2,24,80,2.05,82
0.10967,144.9904227,14.74269005,173.454509,146.0861225,10.54826827,10.70499809,84.90484218,103.2325355,93.41866648,114.4406424,111.0959162,115.7555825,113.0890123,121.8552872,119.1858811,124.7096263,113.9588908,111.7394739,90.68216615,1.814566842,2.306686482,2.029230485,1.356427583,1.241895964,1.142146331,1.567881117,1.09675355,1.527563929,1.096182075,-0.2121,-0.08746,10.2653,0.5567,-0.50905,0.69146,-0.11805,-0.62657,0.69308,-0.68351,-0.65545,0.70075,-0.33379,-0.44025,0.23,-0.64214,0.2751,0.27675,0.27706,-0.24993,-0.777,-490.3179,71.2472,17.3694,124.9556,133.9354,27.0341,-59.9171,139.8168,20.4016,149.6849,167.0828,33.9166,-74.4753,28.4579,28.3499,27.8782,146.9135,169.921,4.21,1.93,4.37,2.97,1.5,2.03,1674.06,568.7968,1734.05,416.7321,2532.37,308.7869,6.5,1.61,7.73,6.37,1.56,7.34,2,1,1,33.1,4.3,46,52.4,29.8,564.33,562.25,46.054,1.71,-0.25725,-0.10975,0,6.15413,0.61151,123.14,54.677,1.35,0.71258,2.1908,-0.24502,-0.05159,3.41181,1.395446213,1.395571059,2.154911413,50.6075,61.2542,60.8417,45.2184,-0.18387,-0.25108,-0.25067,195.56,172.86,20.054,1.3,4.6263606,1.9908176,1.9316179,6.6186,-0.25057,-0.03435,104.04,71.42,77.532,1.25,0.74381,4.4655,0.41265,0.37774,-0.19529,-0.09575,6.8961,96.19,65.95,39.945,1.22,10,2,2,24,80,2.6,80
0.10933,143.8196831,17.00879247,173.5210734,145.5657015,10.60480439,9.586546658,83.76840601,100.7052686,94.68765611,114.3832725,111.2429283,115.4538511,112.9029132,121.8121411,119.3172813,124.0660376,113.5211907,112.2313169,90.95515172,1.824121551,2.348100304,2.027062626,1.352456483,1.246526948,1.139658801,1.567130006,1.095439277,1.526074359,1.09606043,-0.2102,-0.08396,12.2584,0.55531,-0.51039,0.69535,-0.12057,-0.62209,0.69412,-0.70326,-0.65632,0.70311,-0.33441,-0.43937,0.22771,-0.66181,0.27957,0.28407,0.28772,-0.24995,-0.78128,-491.8892,72.8757,16.7525,125.0376,131.5016,25.7036,-45.5383,137.8668,19.279,149.3891,166.8227,34.0162,-59.7574,28.3319,28.1614,27.6516,147.1639,169.7794,4.21,1.93,4.37,2.97,1.5,2.03,1651.42,706.8353,1716.59,545.8999,2554.27,411.4196,6.5,1.61,7.73,6.37,1.56,7.34,2,1,1,33.1,4.3,46,52.4,29.8,568.13,562.78,46.442,1.72,-0.25648,-0.10951,0,6.15895,0.61124,123.14,54.679,1.35,0.70344,2.3788,-0.24315,-0.04966,3.40335,1.39580448,1.395995148,2.155342147,50.1138,60.776,60.622,45.178,-0.18837,-0.25365,-0.25391,195.67,172.92,20.068,1.3,4.6091416,1.9624724,1.9090902,7.2132,-0.254,-0.02029,104.54,71.59,77.76,1.25,0.77449,4.42028,0.40017,0.36695,-0.18896,-0.07594,7.8934,97.05,66.24,40.215,1.23,10,2,2,24,80,35.688,66
0.10971,144.3350622,16.10409324,173.5559328,145.8224485,10.51883606,9.991358997,84.25658938,101.5966435,94.2005528,114.4309537,111.1250503,115.5791371,112.9681082,121.8650284,119.312739,124.4542361,113.6651911,111.8008883,90.71681264,1.820498524,2.325764162,2.027880771,1.354951852,1.243786326,1.140969141,1.567603496,1.09603243,1.526936242,1.096170118,-0.2099,-0.08455,11.3787,0.55498,-0.5101,0.69321,-0.11961,-0.6245,0.69307,-0.6915,-0.65669,0.70123,-0.33432,-0.43949,0.22887,-0.65022,0.27764,0.28072,0.28321,-0.25008,-0.77961,-490.7249,72.2844,16.9592,125.0125,132.9331,26.4064,-54.2457,138.8923,19.8941,149.543,166.9272,33.963,-68.4139,28.3867,28.2471,27.7476,147.0617,169.877,4.21,1.93,4.37,2.97,1.5,2.03,1666.26,624.0588,1727.83,482.9545,2545.93,364.8448,6.5,1.61,7.73,6.37,1.56,7.34,2,1,1,33.1,4.3,46,52.4,29.8,565.96,562.52,46.252,1.72,-0.25816,-0.10977,0,6.15707,0.61171,123.13,54.675,1.35,0.70145,2.297,-0.24344,-0.04969,3.40696,1.395557515,1.395745639,2.155308619,50.3762,60.9606,60.7067,45.2133,-0.18676,-0.25276,-0.25275,195.64,172.9,20.067,1.3,4.6133485,1.9729012,1.9168084,7.0331,-0.25085,-0.02426,104.34,71.53,77.669,1.25,0.75889,4.51239,0.4029,0.3699,-0.18914,-0.08245,7.3605,96.67,66.1,40.111,1.22,10,2,2,24,80,7.4257,88
0.1101,145.3233839,14.96907821,174.1122082,146.1682236,10.48519272,10.71584847,84.88071348,102.8324742,93.15591988,114.5023139,111.0733758,115.7033736,112.9912462,121.953534,119.2105028,124.8296601,114.0015982,111.3394054,90.72622061,1.812876375,2.311035374,2.028862726,1.357573955,1.240315246,1.1427735,1.56818641,1.096857539,1.528098407,1.096216745,-0.21165,-0.08752,9.8791,0.55561,-0.50866,0.69018,-0.1177,-0.62806,0.69208,-0.67633,-0.65585,0.69912,-0.33352,-0.43999,0.23009,-0.63493,0.27412,0.27532,0.27535,-0.24997,-0.77614,-489.2455,70.8677,17.456,124.9585,134.7267,27.4339,-65.3306,140.3623,20.7873,149.7629,167.1095,33.8896,-79.9269,28.4859,28.3863,27.9122,146.858,169.9613,4.21,1.93,4.37,2.97,1.5,2.03,1686.2,373.0142,1741.68,385.6389,2528.31,287.0485,6.5,1.61,7.73,6.37,1.56,7.34,2,1,1,33.1,4.3,46,52.4,29.8,562.87,561.99,46.016,1.71,-0.25875,-0.11012,0,6.15098,0.61211,123.13,54.674,1.35,0.70885,2.1497,-0.24532,-0.05168,3.41377,1.395120799,1.39537759,2.15430705,50.7524,61.3178,60.8803,45.2268,-0.18345,-0.2507,-0.25026,195.53,172.83,20.056,1.3,4.6253387,1.9961743,1.9352456,6.5671,-0.24811,-0.03701,103.93,71.4,77.492,1.25,0.73212,4.51107,0.41378,0.37902,-0.19518,-0.09947,6.6087,96.02,65.88,39.905,1.22,10,2,2,24,80,2.2099,91
0.10972,144.6008367,15.57256496,173.6479097,146.0282929,10.62311848,10.39260933,84.59066267,102.2837257,93.8363267,114.4447437,111.1476044,115.6418845,113.0088937,121.8783587,119.2672228,124.6036463,113.774902,111.728846,90.71675121,1.818334438,2.318883391,2.028546788,1.356079977,1.242503587,1.141562251,1.567813109,1.096386765,1.527548767,1.096249741,-0.2105,-0.08566,10.8174,0.55538,-0.50964,0.69213,-0.11889,-0.62574,0.69272,-0.68596,-0.6564,0.70051,-0.33412,-0.43978,0.22941,-0.64469,0.27635,0.27867,0.28021,-0.25007,-0.77838,-490.2695,71.8017,17.1385,124.9883,133.5964,26.7841,-58.2856,139.4328,20.2162,149.6283,167.0073,33.9358,-72.558,28.4235,28.3,27.8114,146.989,169.9145,4.21,1.93,4.37,2.97,1.5,2.03,1672.28,591.8854,1732.65,445.4785,2541,338.7825,6.5,1.61,7.73,6.37,1.56,7.34,2,1,1,33.1,4.3,46,52.4,29.8,565.5,562.46,46.169,1.72,-0.25834,-0.10987,0,6.15525,0.61174,123.14,54.676,1.35,0.70407,2.2466,-0.24395,-0.05021,3.40885,1.395511347,1.395658357,2.155361644,50.5197,61.0972,60.7704,45.2251,-0.18545,-0.252,-0.25181,195.62,172.89,20.063,1.3,4.6183536,1.9804529,1.9227169,6.8656,-0.24983,-0.02841,104.2,71.49,77.609,1.25,0.7498,4.51428,0.40667,0.37308,-0.19111,-0.08831,7.0892,96.43,66.02,40.038,1.22,10,2,2,24,80,4.24,76
0.10967,145.2335783,14.65036957,173.9217126,146.3472462,10.80395527,10.97504146,85.10743251,103.2943604,93.16554334,114.4744429,111.1088664,115.7512947,113.0422541,121.9002115,119.2186034,124.824598,113.9921463,111.5778404,90.74910469,1.814468749,2.306529537,2.029037115,1.357731817,1.240324561,1.142566539,1.568349544,1.09688688,1.528299779,1.096184264,-0.21167,-0.08769,9.8955,0.55561,-0.50867,0.69021,-0.11772,-0.62802,0.69209,-0.67648,-0.65586,0.69914,-0.33353,-0.43999,0.23009,-0.63507,0.27416,0.27537,0.27542,-0.24997,-0.77618,-489.2621,70.8822,17.4513,124.9588,134.7099,27.4243,-65.2249,140.3485,20.7787,149.7609,167.1082,33.8903,-79.8151,28.4849,28.3851,27.9108,146.86,169.9607,4.21,1.93,4.37,2.97,1.5,2.03,1685.76,373.1778,1741.81,386.3819,2529.93,294.8129,6.5,1.61,7.73,6.37,1.56,7.34,2,1,1,33.1,4.3,46,52.4,29.8,564.37,562.26,45.983,1.71,-0.25872,-0.11007,0,6.15384,0.612,123.13,54.668,1.35,0.70878,2.1579,-0.24529,-0.05163,3.41286,1.395453022,1.395532568,2.154992876,50.7491,61.3146,60.8787,45.2269,-0.18348,-0.25072,-0.25028,195.55,172.85,20.051,1.3,4.6307739,1.9958988,1.9347778,6.5606,-0.24797,-0.03682,103.93,71.39,77.487,1.25,0.7324,4.51289,0.41373,0.37899,-0.19512,-0.09929,6.6116,96.01,65.88,39.898,1.22,10,2,2,24,80,2.228,80
0.109649718,144.8355772,14.90169964,173.3828901,146.0662212,10.57376708,10.62645121,84.83966302,103.0639654,93.57595058,114.4317874,111.1068433,115.7362253,113.0834108,121.8425398,119.1909242,124.6617403,113.9267906,111.7837016,90.69597888,1.81548103,2.309234695,2.029143942,1.356076185,1.242311301,1.141940549,1.567808392,1.096670276,1.527413946,1.096179958,-0.212085958,-0.087286819,10.40577918,0.556776449,-0.509170134,0.691818843,-0.118209139,-0.626156551,0.693260982,-0.685341659,-0.655431278,0.701062037,-0.33386957,-0.440256241,0.229876745,-0.643957617,0.275421398,0.277257061,0.277752723,-0.24992844,-0.777312037,-490.5128609,71.37763158,17.32811747,124.9581119,133.7204843,26.92136093,-58.56131362,139.6530896,20.30187289,149.6626361,167.0704277,33.92447894,-73.10896676,28.44896013,28.33696605,27.86386189,146.9322846,169.9101879,4.21,1.93,4.37,2.97,1.5,2.03,1671.986512,560.6005792,1732.441448,426.4289705,2534.036279,315.6888994,6.5,1.61,7.73,6.37,1.56,7.34,2,1,1,33.1,4.3,46,52.4,29.8,564.6123937,562.2968056,46.08520373,1.711560186,-0.254064099,-0.102521656,0.15107285,5.437452134,0.560134622,132.7023825,46.1463688,1.373402796,0.638772262,2.205231724,-0.244870222,-0.051460505,3.41138875,1.395479248,1.395595993,2.154979575,50.56674793,61.22351113,60.82722147,45.21629375,-0.18411963,-0.25124538,-0.250866583,195.5693611,172.8646806,20.05509213,1.3,4.626156122,1.988479255,1.929917624,6.658041512,-0.251024014,-0.033335879,104.0774445,71.4309213,77.54931807,1.25,0.746616775,4.466044505,0.411514184,0.376789846,-0.195090296,-0.094403559,6.970739318,96.25552783,65.97184261,39.96621854,1.22,10,2,2,24,80,2.929402156,78.12777631
0.109649721,145.0408258,14.82375607,173.7772236,146.2866141,10.78956437,10.85438143,85.01066044,103.116172,93.36228895,114.4603166,111.1177717,115.7326094,113.0439475,121.8804581,119.2185412,124.7587845,113.9548634,111.6472752,90.75247324,1.815398098,2.309101839,2.02898075,1.35717702,1.240984964,1.142295239,1.568203759,1.096782821,1.528035031,1.096181805,-0.211723038,-0.087480967,10.09364424,0.555856471,-0.508849394,0.690763781,-0.117930593,-0.627380422,0.692425388,-0.679408017,-0.655777323,0.69970314,-0.333650116,-0.440036798,0.229952725,-0.637990217,0.274627984,0.276092255,0.276368447,-0.2499622,-0.776619905,-489.6217298,71.06954942,17.3972479,124.9608123,134.3741998,27.2507093,-63.0413355,140.1018727,20.62016277,149.726784,167.0918674,33.90228038,-77.61599845,28.47174966,28.36667705,27.89137868,146.8871274,169.9436966,4.21,1.93,4.37,2.97,1.5,2.03,1681.861697,395.4983383,1738.991179,400.8117363,2531.976648,303.8936998,6.5,1.61,7.73,6.37,1.56,7.34,2,1,1,33.1,4.3,46,52.4,29.8,564.6461103,562.3052384,46.02527452,1.711559945,-0.256188209,-0.108502255,0.000764373,5.394051529,0.594862442,128.4057347,49.13612232,1.373399178,0.65157213,2.177461713,-0.245098127,-0.051494285,3.412275021,1.39548499,1.395563502,2.15504832,50.68626541,61.27449381,60.85845191,45.22346812,-0.183790429,-0.250941512,-0.250537391,195.5609196,172.8562398,20.05255995,1.3,4.619951375,1.831192235,1.754559343,7.238864174,-0.233017925,-0.034776472,105.5991414,73.21981572,71.28902572,1.248440055,0.736986239,4.506041841,0.412425886,0.377845,-0.194946846,-0.097391547,6.73060822,96.10359671,65.91275885,39.926547,1.22,10,2,2,24,80,2.615381192,79.06403288
0.112154314,143.7908683,17.91963223,174.1426285,145.1722107,10.11955685,9.246196395,83.13913084,99.70631975,94.66936082,114.320821,111.2996687,115.205266,113.0091232,121.6706452,118.9720134,123.5086008,113.6911155,112.6067337,91.721037,1.819154891,2.380603817,2.026881207,1.346874365,1.2527462,1.13903332,1.56754552,1.095369824,1.523910195,1.121882774,-0.216645161,-0.0876466,12.71854824,0.565532889,-0.509387995,0.698095623,-0.120330988,-0.615519301,0.700874258,-0.732136482,-0.654730011,0.718981299,-0.324447177,-0.440791191,0.226046678,-0.690702005,0.280630714,0.243676521,0.288455808,-0.237808697,-0.781882497,-498.340482,72.57250488,16.96767925,124.7278537,128.7661205,24.17765653,-24.49244509,136.4737338,17.72936803,148.5120544,166.5975101,34.09317673,-38.97996257,28.33691487,35.45717968,27.64719956,147.4636572,169.5932931,4.204772475,1.978209398,4.301461338,2.97,1.5,2.03,1616.000448,844.2565989,1668.430052,674.8945495,2552.125154,421.332209,6.438431371,1.613485017,7.577820936,6.157413979,1.529215686,7.02402515,2.119071405,1.029041806,1.12429893,33.55886054,5.868257529,46.01161672,52.14443211,30.31113579,562.1347428,556.779567,47.17797338,1.717095819,-0.250956796,-0.10867091,0,6.157250929,0.608879293,123.19,54.71405808,1.35,0.748374739,2.593267261,-0.244873644,-0.053152083,3.273765957,1.396354762,1.396503698,2.120001805,50.11721171,60.77110359,60.63550766,47.28611577,-0.198157488,-0.249976951,-0.250000892,201.9941437,179.2318203,20.88601371,1.309874214,4.462122482,1.886178835,1.827030895,7.579067047,-0.263905797,-0.023586826,106.6283759,73.19555683,77.13934183,1.264065853,0.798243511,4.466451705,0.389184861,0.35798549,-0.20279845,-0.079950659,8.30486034,97.6554791,66.43593415,40.42217906,1.23,10.58083612,1.970958194,2,23.30299665,78.83832776,16.53322308,70.72216053
0.109652603,144.8576051,14.87907937,173.3930784,146.0690523,10.57013969,10.63762507,84.84893523,103.0879457,93.55357577,114.4330471,111.1052889,115.738979,113.0842076,121.8443532,119.1902068,124.6685525,113.9313571,111.7774099,90.69401392,1.81535098,2.308872193,2.029156253,1.356126174,1.242252216,1.141969823,1.567818738,1.096682123,1.527435282,1.096180259,-0.212087956,-0.087311456,10.385795,0.556765574,-0.509153044,0.691767795,-0.1181865,-0.626215367,0.693235236,-0.685081092,-0.655433941,0.701017648,-0.33385825,-0.440255353,0.229894279,-0.643699048,0.275375677,0.277184928,0.277654178,-0.249928662,-0.777267648,-490.4851263,71.35907674,17.33399021,124.9577546,133.7510576,26.93739888,-58.75418409,139.6763786,20.31605979,149.6658033,167.0721878,33.9233581,-73.3033376,28.45023189,28.338806,27.86590159,146.9296124,169.911726,4.21,1.93,4.37,2.97,1.5,2.03,1672.281481,561.7665512,1732.670276,425.0495202,2533.799239,314.7070398,6.5,1.61,7.73,6.37,1.56,7.34,2,1,1,33.1,4.3,46,52.4,29.8,564.5722212,562.2901472,46.08076477,1.711338239,-0.260869935,-0.115019983,0.024449618,5.593349168,0.552085518,126.9272151,54.67151322,1.360705908,0.724315014,2.203178707,-0.244891529,-0.051478926,3.411448676,1.395474549,1.395592446,2.154969878,50.57254521,61.22787685,60.82928115,45.21659338,-0.184084118,-0.251221853,-0.250838618,195.5680294,172.8640147,20.05493677,1.3,4.62618521,1.988811902,1.930159501,6.65243067,-0.250959427,-0.033480145,104.0721177,71.42936767,77.54685445,1.25,0.746217491,4.465967045,0.411675762,0.376925013,-0.195118705,-0.0945951,6.960121332,96.24620602,65.96873534,39.96320004,1.22,10,2,2,24,80,2.882542303,78.66176146
0.109510335,144.4409104,17.40621047,174.0097931,145.183339,10.11254025,9.057038748,83.14957709,100.2891303,94.05705911,114.3251417,111.2625349,115.3590049,112.9400389,121.7517424,119.1103411,123.6780692,113.6655872,112.4524428,91.35262665,1.820507807,2.366154376,2.027902664,1.34894227,1.250332898,1.139389461,1.566900673,1.095422317,1.524828551,1.096079202,-0.213956969,-0.086376482,12.55060201,0.56006482,-0.509915119,0.697099245,-0.120389665,-0.618357076,0.698297749,-0.721034971,-0.65333847,0.707798697,-0.334644435,-0.440169483,0.226886472,-0.679049979,0.280435606,0.285494643,0.288158814,-0.249751632,-0.781676736,-494.2182802,72.77417167,16.85727435,124.9560888,129.5071004,24.90002945,-32.16553478,136.590212,18.4720031,149.2436302,166.8127215,34.07553005,-46.94457341,28.31007953,28.12761734,27.64504785,147.2099454,169.7002332,4.21,1.93,4.37,2.97,1.5,2.03,1629.900083,796.8194521,1686.365937,619.3522472,2551.697228,421.092863,6.5,1.61,7.73,6.37,1.56,7.34,2,1,1,33.1,4.3,46,52.4,29.8,567.4146731,562.6778104,46.55561074,1.72,-0.253119767,-0.108993041,0,6.158000238,0.609815357,123.1700558,54.70003903,1.35,0.730868878,2.434282916,-0.24377516,-0.051607613,3.404095383,1.395777011,1.395939422,2.154920138,49.72169268,60.7629558,60.61021815,45.12942991,-0.18716777,-0.253241242,-0.253350963,195.67,172.9139888,20.07461227,1.3,4.622816065,1.952988128,1.902506247,7.173706744,-0.261976796,-0.022177501,104.6361784,71.59601115,77.75278662,1.25601115,0.78907305,4.448808918,0.393407456,0.361431764,-0.197399655,-0.078326427,8.147190758,97.42269131,66.360223,40.34243638,1.23,10,2,2,24,80,24.32031401,69.60669007
0.10954,143.997942,15.76186053,172.9954683,145.958565,10.71170265,10.20155259,84.48707694,102.1520872,94.42677742,114.3838864,111.1659536,115.6315129,113.0531093,121.7735827,119.2182046,124.4027017,113.7531448,112.0229507,90.77069872,1.820426323,2.32301923,2.028675786,1.3541753,1.24455806,1.140827374,1.56741499,1.096219809,1.526602614,1.096168503,-0.21201,-0.08635,11.1657,0.55719,-0.50982,0.69376,-0.11907,-0.62392,0.69424,-0.69525,-0.65533,0.70275,-0.3343,-0.44029,0.22921,-0.65379,0.27716,0.28,0.2815,-0.24992,-0.779,-491.5675,72.0832,17.1048,124.9717,132.5579,26.3115,-51.2272,138.7675,19.7624,149.5422,167.0035,33.9671,-65.7178,28.4006,28.267,27.7863,147.0339,169.8517,4.21,1.93,4.37,2.97,1.5,2.03,1660.77,516.2632,1723.74,478.8841,2543.05,353.0252,6.5,1.61,7.73,6.37,1.56,7.34,2,1,1,33.1,4.3,46,52.4,29.8,566.14,562.55,46.254,1.72,-0.272094514,-0.134793444,0.130795304,1.765045066,0.26516227,153.0485201,44.29301143,1.45043492,0.666503017,2.2833,-0.24406,-0.05076,3.40911,1.395657952,1.395730873,2.155348296,50.3463,61.0575,60.7489,45.2049,-0.18547,-0.25214,-0.25193,195.62,172.89,20.061,1.3,4.150247563,1.460119774,1.417121843,8.872504094,-0.209433991,-0.024840228,116.5905794,83.44150867,66.05610869,1.264596371,0.7618,4.46899,0.40537,0.37165,-0.19401,-0.08712,7.3745,96.61,66.09,40.081,1.22,10,2,2,24,80,4.7113,72.91927422
0.10954,143.997942,15.76186053,172.9954683,145.958565,10.71170265,10.20155259,84.48707694,102.1520872,94.42677742,114.3838864,111.1659536,115.6315129,113.0531093,121.7735827,119.2182046,124.4027017,113.7531448,112.0229507,90.77069872,1.820426323,2.32301923,2.028675786,1.3541753,1.24455806,1.140827374,1.56741499,1.096219809,1.526602614,1.096168503,-0.21201,-0.08635,11.1657,0.55719,-0.50982,0.69376,-0.11907,-0.62392,0.69424,-0.69525,-0.65533,0.70275,-0.3343,-0.44029,0.22921,-0.65379,0.27716,0.28,0.2815,-0.24992,-0.779,-491.5675,72.0832,17.1048,124.9717,132.5579,26.3115,-51.2272,138.7675,19.7624,149.5422,167.0035,33.9671,-65.7178,28.4006,28.267,27.7863,147.0339,169.8517,4.21,1.93,4.37,2.97,1.5,2.03,1660.77,516.2632,1723.74,478.8841,2543.05,353.0252,6.5,1.61,7.73,6.37,1.56,7.34,2,1,1,33.1,4.3,46,52.4,29.8,566.14,562.55,46.254,1.72,-0.247828836,-0.119618862,2.646822294,0.312138849,0.062380396,376.5031748,125.559109,1.813412962,0.614812228,2.2833,-0.24406,-0.05076,3.40911,1.395657952,1.395730873,2.155348296,50.3463,61.0575,60.7489,45.2049,-0.18547,-0.25214,-0.25193,195.62,172.89,20.061,1.3,4.62505,1.97583,1.92072,6.8714,-0.25348,-0.02785,104.28,71.49,77.643,1.25,0.7618,4.46899,0.40537,0.37165,-0.19401,-0.08712,7.3745,96.61,66.09,40.081,1.22,10,2,2,24,80,4.7113,75.83532405
0.10961932,144.6035086,15.14000908,173.275554,146.0363948,10.61198243,10.50873213,84.74197828,102.8113276,93.81167399,114.4185163,111.12322,115.7072145,113.0750157,121.8234351,119.1984823,124.5899731,113.8786816,111.8499861,90.71668017,1.816851134,2.31305373,2.029014238,1.355549541,1.24293377,1.141632142,1.567699399,1.096545473,1.527189165,1.096176784,-0.212064914,-0.087027271,10.61631689,0.556891024,-0.509350181,0.692356645,-0.118447642,-0.625536909,0.693532221,-0.688086786,-0.655403219,0.701529691,-0.333988821,-0.440265594,0.229692022,-0.6466817,0.275903082,0.278016998,0.278790914,-0.249926102,-0.777779691,-490.8050509,71.57311084,17.26624688,124.9618765,133.3983878,26.75239764,-56.52938159,139.4077351,20.15241076,149.629269,167.0518853,33.9362872,-71.06122803,28.43556185,28.31758181,27.8423732,146.9604374,169.8939837,4.21,1.93,4.37,2.97,1.5,2.03,1668.878953,548.3168124,1730.030693,440.9617775,2536.53355,326.0330022,6.5,1.61,7.73,6.37,1.56,7.34,2,1,1,33.1,4.3,46,52.4,29.8,565.0356204,562.3669537,46.1319691,1.713898455,-0.25149588,-0.105956803,0.001910243,4.255231553,0.568872598,136.3206764,40.84879026,1.408476825,0.568130547,2.226860709,-0.244645748,-0.051266428,3.410757417,1.395528758,1.395633362,2.15508173,50.50567236,61.17751739,60.80552234,45.21313709,-0.184493753,-0.251493236,-0.251161205,195.5833907,172.8716954,20.05672892,1.3,4.68448633,2.536539861,2.432987321,5.757548244,-0.257856212,-0.023605858,101.3383707,69.57603078,77.66571701,1.238304635,0.750823321,4.466860561,0.409811925,0.375365841,-0.194790998,-0.092385633,7.082602087,96.35373511,66.00457837,39.99801899,1.22,10,2,2,24,80,3.423080804,83.118764
0.109631205,144.8648334,14.98206635,173.6452981,146.231254,10.77642477,10.74421298,84.92230285,102.9534774,93.54192722,114.4474186,111.1259027,115.7155488,113.0454936,121.8624223,119.2184844,124.6986936,113.9208223,111.7106725,90.75554889,1.816246638,2.311450475,2.028929285,1.356670463,1.241587943,1.142047529,1.56807065,1.096687809,1.527793302,1.096179561,-0.211771465,-0.08729011,10.27455954,0.556081512,-0.509013189,0.691269409,-0.118122874,-0.626796457,0.692731614,-0.682081439,-0.655701835,0.700217315,-0.333759787,-0.440079528,0.229827386,-0.640656517,0.275055275,0.276751708,0.277234424,-0.249955079,-0.777021559,-489.9500892,71.24060852,17.34789571,124.9626497,134.0676892,27.09221257,-61.04763527,139.87669,20.47541059,149.6956344,167.0769549,33.91321905,-75.60811213,28.45974277,28.349856,27.87364608,146.9118961,169.9281717,4.21,1.93,4.37,2.97,1.5,2.03,1678.302357,415.8780718,1736.417459,413.9868763,2533.845337,312.1849102,6.5,1.61,7.73,6.37,1.56,7.34,2,1,1,33.1,4.3,46,52.4,29.8,564.8982124,562.3465433,46.0638732,1.712984251,-0.253876561,-0.107070828,0.001462283,4.700327826,0.579215021,133.2227362,44.08524985,1.394763762,0.599338571,2.195322505,-0.244922937,-0.05137037,3.411740906,1.395514178,1.395591747,2.155098942,50.62889438,61.23787491,60.83996442,45.22033465,-0.184073866,-0.251143764,-0.250772401,195.5708898,172.861937,20.05398425,1.3,4.118555931,2.269187893,2.167714152,8.3257545,-0.240273617,-0.031490128,102.7303312,70.82299235,72.80590421,1.241047248,0.741173697,4.499789139,0.411235166,0.37679956,-0.194788748,-0.095658167,6.839268493,96.18905505,65.94266927,39.95261179,1.22,10,2,2,24,80,2.969078999,82.98425079
0.109609938,144.6625034,17.24458788,174.0356934,145.158983,9.992265687,9.039127079,83.12862648,100.4898307,93.8143059,114.3082616,111.2511156,115.3708437,112.9843881,121.7254662,119.0276763,123.6395444,113.7595637,112.4707263,91.42786468,1.818626203,2.365848489,2.028508175,1.348296682,1.251008143,1.13957111,1.566897067,1.095591346,1.524581613,1.096108788,-0.215460251,-0.087616646,12.39255962,0.561875814,-0.509649042,0.697256876,-0.1200025,-0.617672248,0.699547481,-0.724452803,-0.652244978,0.709091002,-0.334688542,-0.440608604,0.22697977,-0.682308969,0.280151772,0.285004419,0.286900731,-0.249686875,-0.781284626,-494.828376,72.56778935,16.96647912,124.9175373,129.1587031,24.80030548,-29.51898043,136.4172883,18.34352301,149.2351743,166.8501037,34.08195296,-44.52245563,28.31900622,28.14126787,27.67315662,147.1944455,169.6931749,4.21,1.93,4.37,2.97,1.5,2.03,1625.684674,780.6795019,1679.112087,625.9155485,2548.44296,410.907517,6.5,1.61,7.73,6.37,1.56,7.34,2,1,1,33.1,4.3,46,52.4,29.8,566.7616669,562.596625,46.54696053,1.72,-0.249017502,-0.106726232,0.00109229,5.070844373,0.585078135,130.7156569,46.79868531,1.383437456,0.658338576,2.429236305,-0.244161021,-0.052422959,3.405597582,1.395736306,1.395864198,2.154797971,49.65873641,60.82188825,60.63505725,45.12120809,-0.186169375,-0.252784979,-0.252745938,195.6588542,172.9055417,20.07498751,1.3,4.63036533,1.953189358,1.903171354,7.085952788,-0.264195983,-0.02441529,104.6063751,71.5754792,77.72459378,1.257770836,0.79051324,4.468018645,0.392586974,0.360864079,-0.200995982,-0.081517227,8.105813398,97.43370864,66.36197927,40.34987093,1.227770836,10,2,2,24,80,14.08735788,76.01249478
0.10954,143.997942,15.76186053,172.9954683,145.958565,10.71170265,10.20155259,84.48707694,102.1520872,94.42677742,114.3838864,111.1659536,115.6315129,113.0531093,121.7735827,119.2182046,124.4027017,113.7531448,112.0229507,90.77069872,1.820426323,2.32301923,2.028675786,1.3541753,1.24455806,1.140827374,1.56741499,1.096219809,1.526602614,1.096168503,-0.21201,-0.08635,11.1657,0.55719,-0.50982,0.69376,-0.11907,-0.62392,0.69424,-0.69525,-0.65533,0.70275,-0.3343,-0.44029,0.22921,-0.65379,0.27716,0.28,0.2815,-0.24992,-0.779,-491.5675,72.0832,17.1048,124.9717,132.5579,26.3115,-51.2272,138.7675,19.7624,149.5422,167.0035,33.9671,-65.7178,28.4006,28.267,27.7863,147.0339,169.8517,4.21,1.93,4.37,2.97,1.5,2.03,1660.77,516.2632,1723.74,478.8841,2543.05,353.0252,6.5,1.61,7.73,6.37,1.56,7.34,2,1,1,33.1,4.3,46,52.4,29.8,566.14,562.55,46.254,1.72,-0.282210024,-0.146675116,0.17381223,1.929675534,0.184189802,151.7154309,52.86494437,1.433499122,0.777364747,2.2833,-0.24406,-0.05076,3.40911,1.395657952,1.395730873,2.155348296,50.3463,61.0575,60.7489,45.2049,-0.18547,-0.25214,-0.25193,195.62,172.89,20.061,1.3,4.868440812,2.160172023,2.002034693,6.887281015,-0.252419766,-0.026823258,102.936837,70.56323253,75.8327542,1.24450138,0.7618,4.46899,0.40537,0.37165,-0.19401,-0.08712,7.3745,96.61,66.09,40.081,1.22,10,2,2,24,80,4.7113,70.99974916
0.109378221,143.8606157,16.72246641,173.4003816,145.6559126,10.62935084,9.727767054,83.93343042,101.0374935,94.62775199,114.3834135,111.225253,115.4946466,112.9374019,121.8032871,119.2945309,124.1433439,113.574453,112.1834709,90.9127968,1.823273036,2.342341076,2.027433047,1.352851165,1.246074843,1.139927134,1.567195445,1.095618506,1.526195659,1.096085246,-0.21061562,-0.084508802,12.00748937,0.555741694,-0.510259114,0.694984897,-0.120225563,-0.622510213,0.694147555,-0.701420708,-0.656092672,0.703027335,-0.334384741,-0.439581254,0.228054437,-0.659968412,0.279016605,0.283135429,0.286291736,-0.249943111,-0.780756456,-491.8153298,72.69372263,16.83339669,125.0224677,131.7441523,25.8431887,-46.84461051,138.0736227,19.39000046,149.4242555,166.8642161,34.00492544,-61.12605355,28.3476752,28.18564834,27.68253041,147.1340488,169.7960018,4.21,1.93,4.37,2.97,1.5,2.03,1653.566989,663.0752871,1718.231815,530.5114341,2551.693614,398.0108183,6.5,1.61,7.73,6.37,1.56,7.34,2,1,1,33.1,4.3,46,52.4,29.8,567.6730474,562.7271864,46.3988306,1.72,-0.253267554,-0.107330864,0.00112516,5.039365496,0.586187973,130.9036025,46.53353203,1.384443667,0.620456021,2.356870865,-0.243358958,-0.049912587,3.404672637,1.395770834,1.395934464,2.155343559,50.16718768,60.84063928,60.65113934,45.1841769,-0.187704089,-0.253303267,-0.253455344,195.6585188,172.9131113,20.06639263,1.3,4.601661101,1.805194328,1.759216965,7.647810189,-0.25099192,-0.021984628,107.3437145,74.03090786,77.51522034,1.256888733,0.771576066,4.431465007,0.401364047,0.368029235,-0.190119603,-0.078507201,7.774247875,96.94896524,66.20555633,40.18423032,1.227703756,10,2,2,24,80,28.57499242,71.5109867
