Rx-L,Ry-L,DA1-2-3-4-L,DA2-3-4-5-L,DA2-3-4-9-L,DA3-4-5-6-L,DA1-2-3-8-L,DA1-2-3-7-L,DA7-3-4-5-L,BA1-2-3-L,BA2-3-4-L,BA3-4-5-L,BA3-4-9-L,BA8-3-4-L,BA8-3-2-L,BA8-3-7-L,BA4-5-10-L,BA2-1-11-L,BL1-2-L,BL2-3-L,BL3-4-L,BL5-6-L,BL4-9-L,BL5-10-L,BL1-11-L,BL3-8-L,BL3-7-L,HOMO-L,LUMO-L,DM-L,q1-L,q2-L,q3-L,q4-L,q5-L,q6-L,q7-L,q8-L,q9-L,q10-L,q11-L,NMR1-L,NMR2-L,NMR3-L,NMR4-L,NMR5-L,NMR6-L,NMR7-L,NMR8-L,NMR9-L,NMR10-L,NMR11-L,L-R14-L,B1-R14-L,B5-R14-L,L-R15-L,B1-R15-L,B5-R15-L,L-Y-L,B1-Y-L,B5-Y-L,Area-L,Volume-L,PSA-L,Ovality-L,VF(C5=O6)-L,VI(C5=O6)-L,VF(N4-H9)-L,VI(N4-H9)-L,L-X-S,B1-X-S,B5-X-S,L-R16-S,B1-R16-S,B5-R16-S,BL1-2-S,BL4-5-S,BL4-7-S,BL3-8-S,BL1-12-S,BA1-2-3-S,BA3-4-5-S,BA4-3-8-S,BA2-1-12-S,BA3-2-6-S,DA2-3-4-5-S,DA12-1-2-6-S,HOMO-S,LUMO-S,Rx-S,NMR1-S,NMR2-S,NMR3-S,NMR4-S,NMR5-S,NMR6-S,NMR7-S,NMR8-S,NMR12-S,q1-S,q2-S,q3-S,q4-S,q6-S,Volume-S,PSA-S,HOMO-MC,LUMO-MC,DM-MC,Rx-MC,Ry-MC,Volume-MC,PSA-MC,Ovality-MC,q(Pd)-MC,DM-CP,HOMO-CP,LUMO-CP,Rx-CP,BL1-2-CP,BL1-6-CP,BL1-7-CP,NMR1-CP,NMR2-CP,NMR6-CP,NMR7-CP,q1-CP,q2-CP,q6-CP,Area-CP,Volume-CP,PSA-CP,Ovality-CP,Rx-B,Ry-B,Rz-B,DM-B,HOMO-B,LUMO-B,Area-B,Volume-B,PSA-B,Ovality-B,q(Ag)-A,Rx-A,Ry-A,Rz-A,HOMO-A,LUMO-A,DM-A,Area-A,Volume-A,PSA-A,Ovality-A,Eqv(L),Eqv(B),Eqv(A),Time(H)   ,T (?C),DC(Solvent),%ee
0.79593,0.45988,5.215005035,147.5754832,50.1336099,169.4701731,121.0269255,123.8604543,31.29470792,113.9551592,112.7299162,126.9351334,116.9413237,112.989757,108.9167758,107.665921,117.2091214,107.1683311,1.3437129,1.527136413,1.449321451,1.229856689,1.012897969,1.516392227,0.975780973,1.558060974,1.092495979,-0.23654,-0.00645,2.8049,-0.71083,0.83912,-0.16145,-0.67481,0.70344,-0.65707,0.29745,-0.48043,0.44486,-0.79691,0.52349,135.0428,26.5851,132.7078,143.2787,29.4177,-58.2459,27.2034,149.7981,26.7974,171.7712,25.3865,4.71,1.55,6.07,2.97,1.5,2.03,2.75,1.02,1.88,239.52,215.19,58.126,1.38,1763.95,580.9237,3602.34,53.2208,2.71,1.03,1.9,2,1,1,1.351174925,1.085133033,1.08555943,1.083884879,0.973923382,113.5258349,116.8721897,117.8205465,107.9087492,124.1597732,0.074099367,0.124329119,-0.27076,0.00755,7.44741,160.8934,22.3288,175.346,179.9288,30.4754,-35.2914,30.5619,30.2363,25.2953,-0.73802,0.8378,-0.38396,-0.4531,-0.66544,91.14,33.999,-0.25089,-0.10865,0,6.15737,0.60887,123.19,54.714,1.35,0.74907,2.4711,-0.24419,-0.0529,3.40459,1.395758783,1.395902444,2.154640103,49.4615,60.7543,60.6024,45.0972,-0.18637,-0.25297,-0.25298,195.67,172.91,20.079,1.3,6.0219779,1.9126339,1.4522648,10.1662,-0.20732,-0.02413,91.37,62.39,40.332,1.2,0.79875,4.46774,0.38892,0.35777,-0.203,-0.07991,8.3156,97.67,66.44,40.427,1.23,20,1.5,1.5,16,80,16.777,68
0.79593,0.45988,5.215005035,147.5754832,50.1336099,169.4701731,121.0269255,123.8604543,31.29470792,113.9551592,112.7299162,126.9351334,116.9413237,112.989757,108.9167758,107.665921,117.2091214,107.1683311,1.3437129,1.527136413,1.449321451,1.229856689,1.012897969,1.516392227,0.975780973,1.558060974,1.092495979,-0.23654,-0.00645,2.8049,-0.71083,0.83912,-0.16145,-0.67481,0.70344,-0.65707,0.29745,-0.48043,0.44486,-0.79691,0.52349,135.0428,26.5851,132.7078,143.2787,29.4177,-58.2459,27.2034,149.7981,26.7974,171.7712,25.3865,4.71,1.55,6.07,2.97,1.5,2.03,2.75,1.02,1.88,239.52,215.19,58.126,1.38,1763.95,580.9237,3602.34,53.2208,2.71,1.03,1.9,2,1,1,1.35614444,1.084900356,1.085497097,1.083730961,0.973899875,113.1976425,116.8702434,117.7843715,106.7360229,124.6529327,0.140336653,0.047295572,-0.26424,0.01276,7.45553,158.6183,25.2021,175.7165,180.6481,30.5203,-52.885,30.6306,30.2971,26.1289,-0.73349,0.82535,-0.38272,-0.45503,-0.63083,91.15,33.975,-0.25805,-0.10973,0,6.15825,0.61168,123.13,54.677,1.35,0.69974,4.3093,-0.25443,-0.05436,1.15223,1.406029791,1.406432386,1.559021459,60.8212,61.115,61.2353,82.7487,-0.38986,-0.20234,-0.20275,304.57,281.76,33.976,1.47,1.78781,0.89525,0.69034,14.8576,-0.19038,-0.02356,136.53,98.77,66.378,1.32,0.76466,4.5053,0.40063,0.36793,-0.18794,-0.07871,7.5468,96.82,66.16,40.159,1.22,20,1.5,1.5,12,80,13.63,94
0.58371,0.23519,12.49844645,166.5648335,42.93406971,163.8487788,113.3886333,130.8798735,49.69803976,113.8133205,112.1144623,123.7495704,117.0275518,113.0609377,108.9145758,107.7569273,110.7294306,107.4344644,1.345462473,1.522056554,1.454518644,1.223571479,1.010935621,1.349479357,0.975532257,1.559408853,1.091951014,-0.23883,-0.00609,1.2017,-0.71683,0.83984,-0.16248,-0.69594,0.94856,-0.68114,0.30043,-0.48339,0.45257,-0.59472,0.52506,137.816,27.5809,133.0735,169.9702,44.299,55.0441,27.1855,150.9147,27.5216,146.337,25.4978,4.64,1.55,6.1,5.27,1.05,4.2,2.75,1.02,1.88,303.82,278.76,61.256,1.47,1781.67,678.0227,3638.24,84.8936,2.71,1.03,1.9,2,1,1,1.35614444,1.084900356,1.085497097,1.083730961,0.973899875,113.1976425,116.8702434,117.7843715,106.7360229,124.6529327,0.140336653,0.047295572,-0.26424,0.01276,7.45553,158.6183,25.2021,175.7165,180.6481,30.5203,-52.885,30.6306,30.2971,26.1289,-0.73349,0.82535,-0.38272,-0.45503,-0.63083,91.15,33.975,-0.25805,-0.10973,0,6.15825,0.61168,123.13,54.677,1.35,0.69974,4.3093,-0.25443,-0.05436,1.15223,1.406029791,1.406432386,1.559021459,60.8212,61.115,61.2353,82.7487,-0.38986,-0.20234,-0.20275,304.57,281.76,33.976,1.47,1.78781,0.89525,0.69034,14.8576,-0.19038,-0.02356,136.53,98.77,66.378,1.32,0.76466,4.5053,0.40063,0.36793,-0.18794,-0.07871,7.5468,96.82,66.16,40.159,1.22,20,1.5,1.5,12,80,13.63,80
1.51226,0.39855,1.661153113,158.2324249,39.45258503,170.606954,127.9783917,115.3827562,42.70129681,113.9603123,112.2549699,124.9718167,118.6084615,112.8742935,109.6657667,108.5682681,110.6272617,107.0886509,1.347347367,1.524518434,1.454882167,1.22356311,1.01021917,1.352263461,0.97504936,1.537938547,1.094414558,-0.24668,0.00498,1.1185,-0.71662,0.83913,-0.1714,-0.69135,0.94819,-0.68362,0.29552,-0.696,0.44981,-0.59759,0.52118,141.2894,26.3169,138.627,164.7285,45.5895,61.8405,27.2379,170.8239,27.3648,151.7064,25.4024,2.97,1.51,2.03,5.27,1.05,4.2,2.75,1.02,1.88,228.19,195.29,62.213,1.4,1787.67,695.9262,3642.36,95.086,6.17,1.49,7.78,4.05,1.5,3.14,1.396976908,1.094900208,1.094299205,1.539026355,1.012585477,113.1965161,117.5847791,116.8029174,117.7266037,125.2002051,23.93763976,161.9509754,-0.2516,-0.06758,0.62455,147.7973,23.5646,137.9856,157.8017,29.4881,-85.2536,29.4673,155.0422,24.5435,-0.66143,0.72085,-0.14228,-0.45226,-0.60198,270.42,37.693,-0.2582,-0.10974,0.0001,6.15816,0.61175,123.13,54.67,1.35,0.70235,2.3435,-0.24552,-0.02109,1.33336,1.406419107,1.406353917,1.554839652,66.6148,61.3157,61.3096,82.5072,-0.41996,-0.20006,-0.20008,251.54,233.53,13.896,1.37,6.1268961,1.9593751,1.4846016,9.2134,-0.1792,-0.02399,90.57,62.11,40.099,1.19,0.75582,4.5178,0.40418,0.371,-0.1898,-0.08443,7.2601,96.57,66.07,40.078,1.22,20,2,1.5,24,70,5.91,24
0.96046,0.33704,27.28838734,159.1027279,36.18672215,172.4655768,98.62498914,144.7032673,43.18326551,113.0887113,110.9520931,125.0144036,118.761535,112.6597336,110.7823902,107.822657,110.5693818,107.4733621,1.350595071,1.520544435,1.457180571,1.223500775,1.009673538,1.3522763,0.974819886,1.563101066,1.091545606,-0.24409,0.00221,1.5939,-0.72576,0.83894,-0.16662,-0.69277,0.94828,-0.68287,0.29198,-0.25629,0.45236,-0.59726,0.52284,140.6635,29.8263,129.6238,169.2917,45.8998,61.4476,27.5109,155.2633,26.9606,150.0389,25.3555,4.14,1.92,3.18,5.27,1.05,4.2,2.75,1.02,1.88,263.99,231.48,61.028,1.45,1786.78,733.8905,3650.95,106.048,6.17,1.49,7.78,4.05,1.5,3.14,1.396976908,1.094900208,1.094299205,1.539026355,1.012585477,113.1965161,117.5847791,116.8029174,117.7266037,125.2002051,23.93763976,161.9509754,-0.2516,-0.06758,0.62455,147.7973,23.5646,137.9856,157.8017,29.4881,-85.2536,29.4673,155.0422,24.5435,-0.66143,0.72085,-0.14228,-0.45226,-0.60198,270.42,37.693,-0.2582,-0.10974,0.0001,6.15816,0.61175,123.13,54.67,1.35,0.70235,2.3435,-0.24552,-0.02109,1.33336,1.406419107,1.406353917,1.554839652,66.6148,61.3157,61.3096,82.5072,-0.41996,-0.20006,-0.20008,251.54,233.53,13.896,1.37,6.1268961,1.9593751,1.4846016,9.2134,-0.1792,-0.02399,90.57,62.11,40.099,1.19,0.75582,4.5178,0.40418,0.371,-0.1898,-0.08443,7.2601,96.57,66.07,40.078,1.22,20,2,1.5,24,70,5.91,34
0.81214,0.31462,2.69692689,162.7755782,35.64773589,168.5557846,133.0689998,112.9682745,49.33971286,114.0096427,111.8418666,124.9605238,118.6895073,115.2095042,111.2090149,106.3018178,110.6477409,107.0458577,1.348660431,1.525350562,1.455115422,1.22393575,1.009377972,1.351756534,0.974865795,1.550850724,1.096257162,-0.24326,0.00479,1.2501,-0.71862,0.83743,-0.1755,-0.69104,0.94912,-0.68387,0.30049,-0.47181,0.44992,-0.59592,0.5222,140.3489,25.2585,135.6291,165.745,45.1685,60.7843,27.2736,154.1161,27.3483,148.6302,25.3263,4.29,1.57,4.36,5.27,1.05,4.2,2.75,1.02,1.88,278.27,249.07,61.328,1.45,1785.54,682.7126,3648.08,89.0237,6.17,1.49,7.78,4.05,1.5,3.14,1.396976908,1.094900208,1.094299205,1.539026355,1.012585477,113.1965161,117.5847791,116.8029174,117.7266037,125.2002051,23.93763976,161.9509754,-0.2516,-0.06758,0.62455,147.7973,23.5646,137.9856,157.8017,29.4881,-85.2536,29.4673,155.0422,24.5435,-0.66143,0.72085,-0.14228,-0.45226,-0.60198,270.42,37.693,-0.2582,-0.10974,0.0001,6.15816,0.61175,123.13,54.67,1.35,0.70235,2.3435,-0.24552,-0.02109,1.33336,1.406419107,1.406353917,1.554839652,66.6148,61.3157,61.3096,82.5072,-0.41996,-0.20006,-0.20008,251.54,233.53,13.896,1.37,6.1268961,1.9593751,1.4846016,9.2134,-0.1792,-0.02399,90.57,62.11,40.099,1.19,0.75582,4.5178,0.40418,0.371,-0.1898,-0.08443,7.2601,96.57,66.07,40.078,1.22,20,2,1.5,24,70,5.91,27
0.80949,0.31447,34.33032976,130.2823588,50.74514041,178.7917882,92.79724523,150.6628003,15.36296444,112.7673083,110.4749661,127.060361,118.6394068,113.2746297,111.7977492,107.45111,111.228792,107.3388023,1.350890594,1.52520621,1.454495194,1.224182593,1.009602623,1.350681516,0.974714489,1.573713379,1.089607295,-0.2406,0.00344,1.6199,-0.72476,0.8412,-0.1669,-0.68891,0.94924,-0.68537,0.29659,-0.05083,0.45146,-0.59613,0.52063,140.4118,28.3123,127.006,171.433,45.7127,63.5969,27.5053,152.1239,27.171,152.6534,25.3941,4.12,2.75,3.18,5.27,1.05,4.2,2.75,1.02,1.88,279.33,249.06,60.914,1.46,1830.35,314.0285,3653.24,93.5932,6.17,1.49,7.78,4.05,1.5,3.14,1.396976908,1.094900208,1.094299205,1.539026355,1.012585477,113.1965161,117.5847791,116.8029174,117.7266037,125.2002051,23.93763976,161.9509754,-0.2516,-0.06758,0.62455,147.7973,23.5646,137.9856,157.8017,29.4881,-85.2536,29.4673,155.0422,24.5435,-0.66143,0.72085,-0.14228,-0.45226,-0.60198,270.42,37.693,-0.2582,-0.10974,0.0001,6.15816,0.61175,123.13,54.67,1.35,0.70235,2.3435,-0.24552,-0.02109,1.33336,1.406419107,1.406353917,1.554839652,66.6148,61.3157,61.3096,82.5072,-0.41996,-0.20006,-0.20008,251.54,233.53,13.896,1.37,6.1268961,1.9593751,1.4846016,9.2134,-0.1792,-0.02399,90.57,62.11,40.099,1.19,0.75582,4.5178,0.40418,0.371,-0.1898,-0.08443,7.2601,96.57,66.07,40.078,1.22,20,2,1.5,24,70,5.91,29
2.50328,1.09901,14.59814061,72.52508866,89.84020083,171.0742495,108.797717,135.1550021,45.63444551,113.5473484,114.7373221,126.8501835,116.8071254,109.9492742,108.5114387,108.5400276,116.7199139,107.0523524,1.345848965,1.533472475,1.450317166,1.229268976,1.013662161,1.516326994,0.975581865,1.535512264,1.093635348,-0.23977,0.00559,3.0598,-0.71336,0.8265,-0.17069,-0.67329,0.70676,-0.6563,0.2848,-0.6936,0.44075,-0.7959,0.52022,141.9252,23.3603,137.8341,136.6587,28.1577,-57.6642,27.581,172.0511,26.799,171.3581,25.3787,2.97,1.51,2.03,2.97,1.5,2.03,2.75,1.02,1.88,159.63,131.31,59.653,1.28,1768.56,570.4906,3592.64,55.6885,2.71,1.03,1.9,2,1,1,1.35614444,1.084900356,1.085497097,1.083730961,0.973899875,113.1976425,116.8702434,117.7843715,106.7360229,124.6529327,0.140336653,0.047295572,-0.26424,0.01276,7.45553,158.6183,25.2021,175.7165,180.6481,30.5203,-52.885,30.6306,30.2971,26.1289,-0.73349,0.82535,-0.38272,-0.45503,-0.63083,91.15,33.975,-0.25805,-0.10973,0,6.15825,0.61168,123.13,54.677,1.35,0.69974,4.3093,-0.25443,-0.05436,1.15223,1.406029791,1.406432386,1.559021459,60.8212,61.115,61.2353,82.7487,-0.38986,-0.20234,-0.20275,304.57,281.76,33.976,1.47,1.78781,0.89525,0.69034,14.8576,-0.19038,-0.02356,136.53,98.77,66.378,1.32,0.76466,4.5053,0.40063,0.36793,-0.18794,-0.07871,7.5468,96.82,66.16,40.159,1.22,20,1.5,1.5,12,80,13.63,88
1.27493,0.8245,15.00071842,117.2573513,57.59322395,177.4617094,111.5498067,133.6358684,0.761119309,113.6964485,113.1144333,128.588591,117.26573,112.9895909,108.9490136,107.3444403,117.503396,107.1348921,1.346830316,1.527591565,1.449628762,1.230501629,1.012292227,1.517110852,0.975595919,1.559393857,1.090873613,-0.23859,0.00601,3.1243,-0.71577,0.83723,-0.16837,-0.67307,0.70393,-0.66123,0.29157,-0.25291,0.44304,-0.79686,0.52154,137.4172,24.9607,129.1924,148.9991,29.6619,-52.6104,27.5729,154.7962,26.5438,171.908,25.2393,4.16,1.92,3.18,2.97,1.5,2.03,2.75,1.02,1.88,198.65,167.92,58.862,1.35,1761.8,614.3076,3612.75,54.788,2.71,1.03,1.9,2,1,1,1.35614444,1.084900356,1.085497097,1.083730961,0.973899875,113.1976425,116.8702434,117.7843715,106.7360229,124.6529327,0.140336653,0.047295572,-0.26424,0.01276,7.45553,158.6183,25.2021,175.7165,180.6481,30.5203,-52.885,30.6306,30.2971,26.1289,-0.73349,0.82535,-0.38272,-0.45503,-0.63083,91.15,33.975,-0.25805,-0.10973,0,6.15825,0.61168,123.13,54.677,1.35,0.69974,4.3093,-0.25443,-0.05436,1.15223,1.406029791,1.406432386,1.559021459,60.8212,61.115,61.2353,82.7487,-0.38986,-0.20234,-0.20275,304.57,281.76,33.976,1.47,1.78781,0.89525,0.69034,14.8576,-0.19038,-0.02356,136.53,98.77,66.378,1.32,0.76466,4.5053,0.40063,0.36793,-0.18794,-0.07871,7.5468,96.82,66.16,40.159,1.22,20,1.5,1.5,12,80,13.63,90
1.06093,0.73226,3.339352082,149.6244219,44.73233435,169.6836684,133.5092186,112.8214358,36.55907288,113.9934239,112.0987038,127.3898509,117.2056649,115.0507101,110.9728308,106.4787946,117.1883607,106.9785081,1.347017514,1.528997798,1.452432404,1.230977263,1.012072457,1.51652479,0.975539759,1.551581699,1.095539003,-0.23725,0.00551,3.017,-0.71509,0.83802,-0.17526,-0.67129,0.70311,-0.66164,0.29825,-0.46931,0.44182,-0.79495,0.52314,138.8151,24.3607,135.115,138.4278,30.0029,-53.256,27.3224,152.8587,26.548,171.983,25.1831,4.3,1.58,4.33,2.97,1.5,2.03,2.75,1.02,1.88,212.53,185.75,58.022,1.35,1760.65,596.2637,3610.06,58.3155,2.71,1.03,1.9,2,1,1,1.35614444,1.084900356,1.085497097,1.083730961,0.973899875,113.1976425,116.8702434,117.7843715,106.7360229,124.6529327,0.140336653,0.047295572,-0.26424,0.01276,7.45553,158.6183,25.2021,175.7165,180.6481,30.5203,-52.885,30.6306,30.2971,26.1289,-0.73349,0.82535,-0.38272,-0.45503,-0.63083,91.15,33.975,-0.25805,-0.10973,0,6.15825,0.61168,123.13,54.677,1.35,0.69974,4.3093,-0.25443,-0.05436,1.15223,1.406029791,1.406432386,1.559021459,60.8212,61.115,61.2353,82.7487,-0.38986,-0.20234,-0.20275,304.57,281.76,33.976,1.47,1.78781,0.89525,0.69034,14.8576,-0.19038,-0.02356,136.53,98.77,66.378,1.32,0.76466,4.5053,0.40063,0.36793,-0.18794,-0.07871,7.5468,96.82,66.16,40.159,1.22,20,1.5,1.5,12,80,13.63,90
1.07216,0.64249,24.29748879,147.7860934,42.11886242,173.6687657,103.7065702,141.3317038,32.8392351,113.4113126,111.82384,126.9821503,118.1683799,113.9359466,110.4462719,107.0392146,117.281406,107.4424983,1.348927223,1.52284268,1.454948205,1.23084887,1.010818622,1.516742734,0.975544686,1.568614035,1.091693567,-0.23739,0.00237,3.3843,-0.72286,0.84071,-0.16943,-0.67094,0.70195,-0.66175,0.28863,-0.25265,0.44279,-0.79597,0.52544,139.7205,28.5557,128.9068,135.4936,30.2961,-52.1331,27.54,146.4282,26.2905,171.5004,25.0949,4.2,1.93,4.36,2.97,1.5,2.03,2.75,1.02,1.88,213.31,185.94,56.287,1.35,1761.7,623.8443,3628.38,59.9691,2.71,1.03,1.9,2,1,1,1.35614444,1.084900356,1.085497097,1.083730961,0.973899875,113.1976425,116.8702434,117.7843715,106.7360229,124.6529327,0.140336653,0.047295572,-0.26424,0.01276,7.45553,158.6183,25.2021,175.7165,180.6481,30.5203,-52.885,30.6306,30.2971,26.1289,-0.73349,0.82535,-0.38272,-0.45503,-0.63083,91.15,33.975,-0.25805,-0.10973,0,6.15825,0.61168,123.13,54.677,1.35,0.69974,4.3093,-0.25443,-0.05436,1.15223,1.406029791,1.406432386,1.559021459,60.8212,61.115,61.2353,82.7487,-0.38986,-0.20234,-0.20275,304.57,281.76,33.976,1.47,1.78781,0.89525,0.69034,14.8576,-0.19038,-0.02356,136.53,98.77,66.378,1.32,0.76466,4.5053,0.40063,0.36793,-0.18794,-0.07871,7.5468,96.82,66.16,40.159,1.22,20,1.5,1.5,12,80,13.63,94
1.11589,0.71508,37.08723715,116.2082131,59.47103988,177.8380251,90.01157441,154.3326907,1.402062185,112.739652,110.8304147,128.5880326,117.1451621,112.8751268,112.0824291,106.9364292,117.5242901,107.349534,1.34960575,1.528114644,1.453512536,1.230551422,1.012309912,1.516695032,0.97536655,1.573069898,1.089553458,-0.23759,0.0032,3.622,-0.72275,0.84008,-0.16395,-0.67003,0.70386,-0.66068,0.28742,-0.04966,0.44343,-0.79627,0.52211,140.4058,27.5406,125.2006,143.8785,29.7255,-52.6207,27.839,152.6227,26.3897,171.7351,25.2717,4.13,2.75,3.19,2.97,1.5,2.03,2.75,1.02,1.88,213.3,185.45,57.925,1.36,1761.4,623.949,3615.43,54.6993,2.71,1.03,1.9,2,1,1,1.35614444,1.084900356,1.085497097,1.083730961,0.973899875,113.1976425,116.8702434,117.7843715,106.7360229,124.6529327,0.140336653,0.047295572,-0.26424,0.01276,7.45553,158.6183,25.2021,175.7165,180.6481,30.5203,-52.885,30.6306,30.2971,26.1289,-0.73349,0.82535,-0.38272,-0.45503,-0.63083,91.15,33.975,-0.25805,-0.10973,0,6.15825,0.61168,123.13,54.677,1.35,0.69974,4.3093,-0.25443,-0.05436,1.15223,1.406029791,1.406432386,1.559021459,60.8212,61.115,61.2353,82.7487,-0.38986,-0.20234,-0.20275,304.57,281.76,33.976,1.47,1.78781,0.89525,0.69034,14.8576,-0.19038,-0.02356,136.53,98.77,66.378,1.32,0.76466,4.5053,0.40063,0.36793,-0.18794,-0.07871,7.5468,96.82,66.16,40.159,1.22,20,1.5,1.5,12,80,13.63,94
0.83014,0.55763,37.41267143,157.9624383,37.31418277,171.8999009,89.00435897,155.4324298,42.61249571,112.1903296,110.6739027,126.2765386,117.4900847,115.0299629,107.5530434,108.5825766,116.8451977,107.8859988,1.346294463,1.528646451,1.451562289,1.228587979,1.012745852,1.514961509,0.97549121,1.536849269,1.091642138,-0.24263,-0.01806,3.4367,-0.72325,0.84923,-0.17221,-0.67691,0.707,-0.65211,0.29621,-0.06235,0.44679,-0.79722,0.52829,150.8119,28.9879,129.5441,147.276,28.4394,-61.0782,26.3271,57.2553,25.9665,171.7941,25.4157,6.37,1.7,3.19,2.97,1.5,2.03,2.75,1.02,1.88,220.1,196.87,58.448,1.34,1769.06,606.837,3605.62,77.3275,2.71,1.03,1.9,2,1,1,1.35614444,1.084900356,1.085497097,1.083730961,0.973899875,113.1976425,116.8702434,117.7843715,106.7360229,124.6529327,0.140336653,0.047295572,-0.26424,0.01276,7.45553,158.6183,25.2021,175.7165,180.6481,30.5203,-52.885,30.6306,30.2971,26.1289,-0.73349,0.82535,-0.38272,-0.45503,-0.63083,91.15,33.975,-0.25805,-0.10973,0,6.15825,0.61168,123.13,54.677,1.35,0.69974,4.3093,-0.25443,-0.05436,1.15223,1.406029791,1.406432386,1.559021459,60.8212,61.115,61.2353,82.7487,-0.38986,-0.20234,-0.20275,304.57,281.76,33.976,1.47,1.78781,0.89525,0.69034,14.8576,-0.19038,-0.02356,136.53,98.77,66.378,1.32,0.76466,4.5053,0.40063,0.36793,-0.18794,-0.07871,7.5468,96.82,66.16,40.159,1.22,20,1.5,1.5,12,80,13.63,76
0.61647,0.19961,8.144629529,148.2810953,49.76057919,168.9784314,117.8668299,126.9253676,31.87257192,113.8824279,112.6123021,127.0104092,116.7502883,112.9682933,108.7641955,107.7644612,117.2800104,107.2237971,1.34421902,1.52651542,1.449663047,1.22996342,1.012838894,1.516363725,0.975657176,1.558993574,1.092153064,-0.22978,-0.00519,2.7475,-0.71228,0.83951,-0.1609,-0.67511,0.7033,-0.65747,0.29581,-0.47951,0.44476,-0.79645,0.52347,135.6679,26.8091,132.5796,143.2605,29.546,-58.4535,27.256,150.0035,26.7377,171.8864,25.4395,6.75,1.56,8.45,2.97,1.5,2.03,2.75,1.02,1.88,311.83,286.99,57.975,1.48,1762.84,575.4612,3604.21,54.6397,2.71,1.03,1.9,2,1,1,1.35614444,1.084900356,1.085497097,1.083730961,0.973899875,113.1976425,116.8702434,117.7843715,106.7360229,124.6529327,0.140336653,0.047295572,-0.26424,0.01276,7.45553,158.6183,25.2021,175.7165,180.6481,30.5203,-52.885,30.6306,30.2971,26.1289,-0.73349,0.82535,-0.38272,-0.45503,-0.63083,91.15,33.975,-0.25805,-0.10973,0,6.15825,0.61168,123.13,54.677,1.35,0.69974,4.3093,-0.25443,-0.05436,1.15223,1.406029791,1.406432386,1.559021459,60.8212,61.115,61.2353,82.7487,-0.38986,-0.20234,-0.20275,304.57,281.76,33.976,1.47,1.78781,0.89525,0.69034,14.8576,-0.19038,-0.02356,136.53,98.77,66.378,1.32,0.76466,4.5053,0.40063,0.36793,-0.18794,-0.07871,7.5468,96.82,66.16,40.159,1.22,20,1.5,1.5,12,80,13.63,94
0.64056,0.27898,24.91652332,146.6803569,53.15082657,168.0552809,101.3384366,143.5413349,30.47970809,113.2659223,112.1289929,126.7671593,116.4585092,112.6863754,110.0271587,107.1693808,117.2115513,107.4961968,1.344468731,1.523385603,1.450314169,1.229599855,1.013131315,1.516452721,0.97550058,1.564616593,1.09036167,-0.21219,-0.03915,3.0035,-0.71524,0.83922,-0.15935,-0.67593,0.70354,-0.65531,0.2945,-0.48477,0.4451,-0.79703,0.52504,136.4805,26.5662,133.7653,143.7582,29.4262,-60.9114,27.2303,153.1254,26.8465,171.7348,25.8812,4.75,1.57,7.26,2.97,1.5,2.03,2.75,1.02,1.88,281.41,265.96,57.662,1.41,1764.5,582.6877,3598.83,54.5255,2.71,1.03,1.9,2,1,1,1.35614444,1.084900356,1.085497097,1.083730961,0.973899875,113.1976425,116.8702434,117.7843715,106.7360229,124.6529327,0.140336653,0.047295572,-0.26424,0.01276,7.45553,158.6183,25.2021,175.7165,180.6481,30.5203,-52.885,30.6306,30.2971,26.1289,-0.73349,0.82535,-0.38272,-0.45503,-0.63083,91.15,33.975,-0.25805,-0.10973,0,6.15825,0.61168,123.13,54.677,1.35,0.69974,4.3093,-0.25443,-0.05436,1.15223,1.406029791,1.406432386,1.559021459,60.8212,61.115,61.2353,82.7487,-0.38986,-0.20234,-0.20275,304.57,281.76,33.976,1.47,1.78781,0.89525,0.69034,14.8576,-0.19038,-0.02356,136.53,98.77,66.378,1.32,0.76466,4.5053,0.40063,0.36793,-0.18794,-0.07871,7.5468,96.82,66.16,40.159,1.22,20,1.5,1.5,12,80,13.63,90
0.58243,0.45333,28.31179129,153.4734241,43.0153828,171.1104324,97.61549949,147.2382432,37.10454308,112.8922814,111.6696188,127.2438875,116.8618152,113.1764344,109.1957473,107.4503488,117.208556,107.5899486,1.34719344,1.525330549,1.451786601,1.228789628,1.012654032,1.515808989,0.975304577,1.56244667,1.090733633,-0.23881,-0.01477,3.4431,-0.72308,0.83784,-0.15851,-0.68065,0.70619,-0.65462,0.2944,-0.48957,0.4451,-0.79508,0.5268,142.4951,28.2928,134.236,146.9651,29.2952,-60.2065,27.3172,161.453,26.8694,171.6829,25.3455,4.76,1.54,6.05,2.97,1.5,2.03,2.75,1.02,1.88,244.16,223.95,57.55,1.37,1768.18,559.8998,3605,56.5319,2.71,1.03,1.9,2,1,1,1.35614444,1.084900356,1.085497097,1.083730961,0.973899875,113.1976425,116.8702434,117.7843715,106.7360229,124.6529327,0.140336653,0.047295572,-0.26424,0.01276,7.45553,158.6183,25.2021,175.7165,180.6481,30.5203,-52.885,30.6306,30.2971,26.1289,-0.73349,0.82535,-0.38272,-0.45503,-0.63083,91.15,33.975,-0.25805,-0.10973,0,6.15825,0.61168,123.13,54.677,1.35,0.69974,4.3093,-0.25443,-0.05436,1.15223,1.406029791,1.406432386,1.559021459,60.8212,61.115,61.2353,82.7487,-0.38986,-0.20234,-0.20275,304.57,281.76,33.976,1.47,1.78781,0.89525,0.69034,14.8576,-0.19038,-0.02356,136.53,98.77,66.378,1.32,0.76466,4.5053,0.40063,0.36793,-0.18794,-0.07871,7.5468,96.82,66.16,40.159,1.22,20,1.5,1.5,12,80,13.63,86
0.16926,0.05021,26.08495636,135.7675476,41.87584396,174.0796793,102.7540187,143.5145906,21.17333515,113.2296348,111.5992187,127.6311715,117.4482399,114.5166333,110.7394718,106.1039791,117.1209233,107.2567954,1.347252611,1.525525617,1.45155396,1.232587039,1.011864002,1.515202716,0.974949058,1.564527676,1.090576308,-0.21853,-0.02222,3.8975,-0.72245,0.84026,-0.15743,-0.66924,0.71278,-0.66657,0.29135,-0.48165,0.4464,-0.79194,0.52399,133.5873,28.2872,133.6148,144.9182,28.8863,-47.7122,27.965,158.9537,26.9626,172.4415,25.6143,6.21,3.86,9.41,2.97,1.5,2.03,2.75,1.02,1.88,612.37,612.84,54.725,1.76,1747.02,674.6343,3615.83,64.6047,2.71,1.03,1.9,2,1,1,1.35614444,1.084900356,1.085497097,1.083730961,0.973899875,113.1976425,116.8702434,117.7843715,106.7360229,124.6529327,0.140336653,0.047295572,-0.26424,0.01276,7.45553,158.6183,25.2021,175.7165,180.6481,30.5203,-52.885,30.6306,30.2971,26.1289,-0.73349,0.82535,-0.38272,-0.45503,-0.63083,91.15,33.975,-0.25805,-0.10973,0,6.15825,0.61168,123.13,54.677,1.35,0.69974,4.3093,-0.25443,-0.05436,1.15223,1.406029791,1.406432386,1.559021459,60.8212,61.115,61.2353,82.7487,-0.38986,-0.20234,-0.20275,304.57,281.76,33.976,1.47,1.78781,0.89525,0.69034,14.8576,-0.19038,-0.02356,136.53,98.77,66.378,1.32,0.76466,4.5053,0.40063,0.36793,-0.18794,-0.07871,7.5468,96.82,66.16,40.159,1.22,20,1.5,1.5,12,80,13.63,96
0.34053,0.14499,19.1088708,132.2840956,49.96577649,179.0066799,109.1144827,137.019217,17.18085936,113.5909625,112.3298372,128.3023106,117.0881796,114.0182999,110.0871004,106.4526396,117.2829672,107.0731395,1.346729756,1.526008769,1.447952538,1.231062242,1.012170071,1.51595054,0.975080584,1.567774565,1.09039568,-0.22603,-0.02692,3.2629,-0.7195,0.83723,-0.15839,-0.67069,0.70641,-0.66354,0.29443,-0.48179,0.44554,-0.79477,0.52431,130.9507,27.223,134.6901,144.0669,29.8684,-52.698,28.0279,158.3456,27.245,172.1733,25.9269,4.75,2.08,7.2,2.97,1.5,2.03,2.75,1.02,1.88,378.59,379.56,56.058,1.49,1756.45,554.6341,3614.75,55.0065,2.71,1.03,1.9,2,1,1,1.35614444,1.084900356,1.085497097,1.083730961,0.973899875,113.1976425,116.8702434,117.7843715,106.7360229,124.6529327,0.140336653,0.047295572,-0.26424,0.01276,7.45553,158.6183,25.2021,175.7165,180.6481,30.5203,-52.885,30.6306,30.2971,26.1289,-0.73349,0.82535,-0.38272,-0.45503,-0.63083,91.15,33.975,-0.25805,-0.10973,0,6.15825,0.61168,123.13,54.677,1.35,0.69974,4.3093,-0.25443,-0.05436,1.15223,1.406029791,1.406432386,1.559021459,60.8212,61.115,61.2353,82.7487,-0.38986,-0.20234,-0.20275,304.57,281.76,33.976,1.47,1.78781,0.89525,0.69034,14.8576,-0.19038,-0.02356,136.53,98.77,66.378,1.32,0.76466,4.5053,0.40063,0.36793,-0.18794,-0.07871,7.5468,96.82,66.16,40.159,1.22,20,1.5,1.5,12,80,13.63,94
0.32473,0.10134,14.52920941,134.8043307,50.20035445,179.0523996,113.9624747,132.2509699,20.06656012,113.8422309,112.5580157,128.2470628,117.1109425,113.9177385,110.3579868,106.4460537,117.3199506,106.9453265,1.346430492,1.527024853,1.44771389,1.231186643,1.012198367,1.51598128,0.975232794,1.567459042,1.090968053,-0.22472,-0.02685,2.9999,-0.71774,0.837,-0.15943,-0.67035,0.70587,-0.66357,0.29605,-0.4818,0.44557,-0.79465,0.52415,130.8476,27.1398,134.7698,143.7699,29.7425,-52.8939,27.9717,158.2497,27.2541,172.1536,25.8765,4.81,2.06,7.76,2.97,1.5,2.03,2.75,1.02,1.88,389.79,388.66,56.34,1.51,1755.82,547.0733,3615.17,55.2819,2.71,1.03,1.9,2,1,1,1.35614444,1.084900356,1.085497097,1.083730961,0.973899875,113.1976425,116.8702434,117.7843715,106.7360229,124.6529327,0.140336653,0.047295572,-0.26424,0.01276,7.45553,158.6183,25.2021,175.7165,180.6481,30.5203,-52.885,30.6306,30.2971,26.1289,-0.73349,0.82535,-0.38272,-0.45503,-0.63083,91.15,33.975,-0.25805,-0.10973,0,6.15825,0.61168,123.13,54.677,1.35,0.69974,4.3093,-0.25443,-0.05436,1.15223,1.406029791,1.406432386,1.559021459,60.8212,61.115,61.2353,82.7487,-0.38986,-0.20234,-0.20275,304.57,281.76,33.976,1.47,1.78781,0.89525,0.69034,14.8576,-0.19038,-0.02356,136.53,98.77,66.378,1.32,0.76466,4.5053,0.40063,0.36793,-0.18794,-0.07871,7.5468,96.82,66.16,40.159,1.22,20,1.5,1.5,12,80,13.63,90
0.3229,0.10529,19.73311556,132.886101,49.90465232,179.0023225,108.5578888,137.5747482,17.88531117,113.6287356,112.2714712,128.3231289,117.0670128,114.0695287,110.142791,106.456074,117.2809702,107.0498967,1.346818989,1.526085014,1.448181348,1.23104886,1.012146921,1.516066173,0.975039231,1.568258057,1.090377722,-0.21977,-0.02457,3.5617,-0.71971,0.83781,-0.15822,-0.67064,0.7065,-0.66351,0.29375,-0.48145,0.44547,-0.79455,0.5242,131.1419,27.2708,134.6532,144.1866,29.9536,-52.4343,28.0219,158.2516,27.2656,172.2114,25.9043,4.76,2.29,8.22,2.97,1.5,2.03,2.75,1.02,1.88,418.58,416.15,56.068,1.55,1756.65,554.8047,3616.54,56.2339,2.71,1.03,1.9,2,1,1,1.35614444,1.084900356,1.085497097,1.083730961,0.973899875,113.1976425,116.8702434,117.7843715,106.7360229,124.6529327,0.140336653,0.047295572,-0.26424,0.01276,7.45553,158.6183,25.2021,175.7165,180.6481,30.5203,-52.885,30.6306,30.2971,26.1289,-0.73349,0.82535,-0.38272,-0.45503,-0.63083,91.15,33.975,-0.25805,-0.10973,0,6.15825,0.61168,123.13,54.677,1.35,0.69974,4.3093,-0.25443,-0.05436,1.15223,1.406029791,1.406432386,1.559021459,60.8212,61.115,61.2353,82.7487,-0.38986,-0.20234,-0.20275,304.57,281.76,33.976,1.47,1.78781,0.89525,0.69034,14.8576,-0.19038,-0.02356,136.53,98.77,66.378,1.32,0.76466,4.5053,0.40063,0.36793,-0.18794,-0.07871,7.5468,96.82,66.16,40.159,1.22,20,1.5,1.5,12,80,13.63,90
0.32154,0.07879,17.45481388,136.3046932,48.31045454,179.9325089,111.1891031,135.0616711,21.63877502,113.7748928,112.3182895,128.1547193,117.1779305,114.1444544,110.4058047,106.365324,117.2372427,106.9047602,1.347137146,1.526217716,1.448648577,1.231139495,1.012118891,1.516248664,0.975008863,1.567657299,1.091002061,-0.20618,-0.02088,2.1026,-0.7198,0.83815,-0.15896,-0.67071,0.7064,-0.66403,0.29389,-0.48108,0.4452,-0.79395,0.52379,131.5627,27.5229,134.5216,144.688,29.8091,-51.8817,28.002,158.3615,27.2406,172.1522,25.8961,4.71,2.09,9.32,2.97,1.5,2.03,2.75,1.02,1.88,437.26,433.61,70.189,1.58,1756.4,549.1685,3616.5,56.5726,2.71,1.03,1.9,2,1,1,1.35614444,1.084900356,1.085497097,1.083730961,0.973899875,113.1976425,116.8702434,117.7843715,106.7360229,124.6529327,0.140336653,0.047295572,-0.26424,0.01276,7.45553,158.6183,25.2021,175.7165,180.6481,30.5203,-52.885,30.6306,30.2971,26.1289,-0.73349,0.82535,-0.38272,-0.45503,-0.63083,91.15,33.975,-0.25805,-0.10973,0,6.15825,0.61168,123.13,54.677,1.35,0.69974,4.3093,-0.25443,-0.05436,1.15223,1.406029791,1.406432386,1.559021459,60.8212,61.115,61.2353,82.7487,-0.38986,-0.20234,-0.20275,304.57,281.76,33.976,1.47,1.78781,0.89525,0.69034,14.8576,-0.19038,-0.02356,136.53,98.77,66.378,1.32,0.76466,4.5053,0.40063,0.36793,-0.18794,-0.07871,7.5468,96.82,66.16,40.159,1.22,20,1.5,1.5,12,80,13.63,92
0.23572,0.03782,19.41085031,132.1577233,49.53802806,178.2562867,109.0611891,137.2172441,17.22666084,113.6686586,112.4085112,128.248157,117.1480247,114.0778553,110.2176123,106.3469851,117.2714759,107.0438341,1.34677221,1.526440897,1.448180218,1.230883871,1.012155789,1.516113035,0.975138188,1.567332107,1.090415732,-0.21492,-0.03741,3.2391,-0.71961,0.83717,-0.15833,-0.67116,0.70657,-0.66272,0.29427,-0.48198,0.44549,-0.79462,0.52453,131.0291,27.303,134.5661,144.211,29.8433,-53.4915,27.9733,158.5527,27.1654,172.1583,25.8798,5,3.57,11.37,2.97,1.5,2.03,2.75,1.02,1.88,538.05,546.71,56.121,1.66,1756.82,556.5573,3615.93,57.8744,2.71,1.03,1.9,2,1,1,1.35614444,1.084900356,1.085497097,1.083730961,0.973899875,113.1976425,116.8702434,117.7843715,106.7360229,124.6529327,0.140336653,0.047295572,-0.26424,0.01276,7.45553,158.6183,25.2021,175.7165,180.6481,30.5203,-52.885,30.6306,30.2971,26.1289,-0.73349,0.82535,-0.38272,-0.45503,-0.63083,91.15,33.975,-0.25805,-0.10973,0,6.15825,0.61168,123.13,54.677,1.35,0.69974,4.3093,-0.25443,-0.05436,1.15223,1.406029791,1.406432386,1.559021459,60.8212,61.115,61.2353,82.7487,-0.38986,-0.20234,-0.20275,304.57,281.76,33.976,1.47,1.78781,0.89525,0.69034,14.8576,-0.19038,-0.02356,136.53,98.77,66.378,1.32,0.76466,4.5053,0.40063,0.36793,-0.18794,-0.07871,7.5468,96.82,66.16,40.159,1.22,20,1.5,1.5,12,80,13.63,84
0.26582,0.05506,14.24984537,133.7815987,49.08916735,179.4288661,114.5383826,131.801194,19.14169613,113.8631474,112.4996493,128.3821637,117.0629423,114.1165211,110.448737,106.2983985,117.3588293,106.813196,1.346359832,1.527390168,1.447900558,1.231069531,1.012110476,1.516388879,0.975159728,1.568154204,1.090870495,-0.21986,-0.02359,3.2041,-0.71814,0.83789,-0.15935,-0.67051,0.70663,-0.66394,0.2944,-0.48239,0.44475,-0.79377,0.52384,129.9965,27.1204,134.7879,144.1387,29.6778,-52.1641,28.0543,158.6992,27.2521,172.0796,26.0344,4.74,3.28,9.7,2.97,1.5,2.03,2.75,1.02,1.88,521.79,522.87,56.226,1.66,1756.56,549.1817,3610.02,55.4932,2.71,1.03,1.9,2,1,1,1.35614444,1.084900356,1.085497097,1.083730961,0.973899875,113.1976425,116.8702434,117.7843715,106.7360229,124.6529327,0.140336653,0.047295572,-0.26424,0.01276,7.45553,158.6183,25.2021,175.7165,180.6481,30.5203,-52.885,30.6306,30.2971,26.1289,-0.73349,0.82535,-0.38272,-0.45503,-0.63083,91.15,33.975,-0.25805,-0.10973,0,6.15825,0.61168,123.13,54.677,1.35,0.69974,4.3093,-0.25443,-0.05436,1.15223,1.406029791,1.406432386,1.559021459,60.8212,61.115,61.2353,82.7487,-0.38986,-0.20234,-0.20275,304.57,281.76,33.976,1.47,1.78781,0.89525,0.69034,14.8576,-0.19038,-0.02356,136.53,98.77,66.378,1.32,0.76466,4.5053,0.40063,0.36793,-0.18794,-0.07871,7.5468,96.82,66.16,40.159,1.22,20,1.5,1.5,12,80,13.63,94
0.32576,0.11384,20.46430256,129.0120094,50.77638415,177.2895333,108.0692363,138.1975664,14.08435459,113.542419,112.2331171,128.2910892,117.0973518,114.1954705,110.2706903,106.2936063,117.4526204,107.0939105,1.346933753,1.526648223,1.448752998,1.232859829,1.012254427,1.51544125,0.97500596,1.567939358,1.090158885,-0.22399,-0.02456,2.9372,-0.71952,0.83741,-0.15793,-0.66784,0.70902,-0.6676,0.29416,-0.48197,0.446,-0.79423,0.52411,132.0573,27.2527,134.3736,143.8281,29.0603,-46.4389,28.0391,158.0432,27.1189,172.0353,25.8614,4.75,2.04,8.02,2.97,1.5,2.03,2.75,1.02,1.88,416.54,415.96,55.427,1.55,1746.27,585.2563,3611.95,58.3585,2.71,1.03,1.9,2,1,1,1.35614444,1.084900356,1.085497097,1.083730961,0.973899875,113.1976425,116.8702434,117.7843715,106.7360229,124.6529327,0.140336653,0.047295572,-0.26424,0.01276,7.45553,158.6183,25.2021,175.7165,180.6481,30.5203,-52.885,30.6306,30.2971,26.1289,-0.73349,0.82535,-0.38272,-0.45503,-0.63083,91.15,33.975,-0.25805,-0.10973,0,6.15825,0.61168,123.13,54.677,1.35,0.69974,4.3093,-0.25443,-0.05436,1.15223,1.406029791,1.406432386,1.559021459,60.8212,61.115,61.2353,82.7487,-0.38986,-0.20234,-0.20275,304.57,281.76,33.976,1.47,1.78781,0.89525,0.69034,14.8576,-0.19038,-0.02356,136.53,98.77,66.378,1.32,0.76466,4.5053,0.40063,0.36793,-0.18794,-0.07871,7.5468,96.82,66.16,40.159,1.22,20,1.5,1.5,12,80,13.63,94
0.21009,0.06569,5.541559185,146.8857363,47.73086211,170.4878385,136.5724498,110.2074199,34.20470378,113.8906852,112.6166652,126.8325943,117.0724423,115.3114632,111.0377149,106.2286113,117.0327768,107.0033384,1.343827528,1.52830476,1.446743917,1.230503642,1.012861809,1.517072892,0.974733156,1.577752942,1.093585056,-0.20494,-0.02087,5.4091,-0.7104,0.84078,-0.16631,-0.66772,0.7044,-0.66109,0.29794,-0.49107,0.44127,-0.79527,0.52059,142.8045,25.9153,137.4333,139.7509,29.6117,-53.6402,27.845,157.4098,26.9532,170.7967,26.1115,6.76,4.22,8.97,2.97,1.5,2.03,2.75,1.02,1.88,491.42,487.53,80.772,1.64,1762.56,563.7454,3601.36,119.3193,2.71,1.03,1.9,2,1,1,1.35614444,1.084900356,1.085497097,1.083730961,0.973899875,113.1976425,116.8702434,117.7843715,106.7360229,124.6529327,0.140336653,0.047295572,-0.26424,0.01276,7.45553,158.6183,25.2021,175.7165,180.6481,30.5203,-52.885,30.6306,30.2971,26.1289,-0.73349,0.82535,-0.38272,-0.45503,-0.63083,91.15,33.975,-0.25805,-0.10973,0,6.15825,0.61168,123.13,54.677,1.35,0.69974,4.3093,-0.25443,-0.05436,1.15223,1.406029791,1.406432386,1.559021459,60.8212,61.115,61.2353,82.7487,-0.38986,-0.20234,-0.20275,304.57,281.76,33.976,1.47,1.78781,0.89525,0.69034,14.8576,-0.19038,-0.02356,136.53,98.77,66.378,1.32,0.76466,4.5053,0.40063,0.36793,-0.18794,-0.07871,7.5468,96.82,66.16,40.159,1.22,20,1.5,1.5,12,80,13.63,90
0.68425,0.27886,5.326813438,146.7385878,50.89715061,169.3309526,120.6024052,124.0598149,30.34130888,113.9581396,112.635683,127.1638114,116.7501241,112.8315092,108.8678858,107.8325894,117.2571673,107.1527625,1.344067369,1.526892883,1.449416513,1.230119752,1.01281503,1.516486325,0.975724381,1.558580796,1.09246572,-0.21289,-0.00581,1.5299,-0.71113,0.83899,-0.16144,-0.67409,0.70313,-0.65827,0.2961,-0.47796,0.4444,-0.79665,0.52304,134.7552,26.3991,132.6549,143.0108,29.5631,-57.4141,27.2747,150.4191,26.7924,171.7481,25.3899,4.99,1.56,8.23,2.97,1.5,2.03,2.75,1.02,1.88,269.34,242.35,65.033,1.43,1762.99,578.8966,3604.05,51.53,2.71,1.03,1.9,2,1,1,1.35614444,1.084900356,1.085497097,1.083730961,0.973899875,113.1976425,116.8702434,117.7843715,106.7360229,124.6529327,0.140336653,0.047295572,-0.26424,0.01276,7.45553,158.6183,25.2021,175.7165,180.6481,30.5203,-52.885,30.6306,30.2971,26.1289,-0.73349,0.82535,-0.38272,-0.45503,-0.63083,91.15,33.975,-0.25805,-0.10973,0,6.15825,0.61168,123.13,54.677,1.35,0.69974,4.3093,-0.25443,-0.05436,1.15223,1.406029791,1.406432386,1.559021459,60.8212,61.115,61.2353,82.7487,-0.38986,-0.20234,-0.20275,304.57,281.76,33.976,1.47,1.78781,0.89525,0.69034,14.8576,-0.19038,-0.02356,136.53,98.77,66.378,1.32,0.76466,4.5053,0.40063,0.36793,-0.18794,-0.07871,7.5468,96.82,66.16,40.159,1.22,20,1.5,1.5,12,80,13.63,92
0.26582,0.05506,14.24984537,133.7815987,49.08916735,179.4288661,114.5383826,131.801194,19.14169613,113.8631474,112.4996493,128.3821637,117.0629423,114.1165211,110.448737,106.2983985,117.3588293,106.813196,1.346359832,1.527390168,1.447900558,1.231069531,1.012110476,1.516388879,0.975159728,1.568154204,1.090870495,-0.21986,-0.02359,3.2041,-0.71814,0.83789,-0.15935,-0.67051,0.70663,-0.66394,0.2944,-0.48239,0.44475,-0.79377,0.52384,129.9965,27.1204,134.7879,144.1387,29.6778,-52.1641,28.0543,158.6992,27.2521,172.0796,26.0344,4.74,3.28,9.7,2.97,1.5,2.03,2.75,1.02,1.88,521.79,522.87,56.226,1.66,1756.56,549.1817,3610.02,55.4932,2.71,1.03,1.9,2,1,1,1.35614444,1.084900356,1.085497097,1.083730961,0.973899875,113.1976425,116.8702434,117.7843715,106.7360229,124.6529327,0.140336653,0.047295572,-0.26424,0.01276,7.45553,158.6183,25.2021,175.7165,180.6481,30.5203,-52.885,30.6306,30.2971,26.1289,-0.73349,0.82535,-0.38272,-0.45503,-0.63083,91.15,33.975,-0.25805,-0.10973,0,6.15825,0.61168,123.13,54.677,1.35,0.69974,4.3093,-0.25443,-0.05436,1.15223,1.406029791,1.406432386,1.559021459,60.8212,61.115,61.2353,82.7487,-0.38986,-0.20234,-0.20275,304.57,281.76,33.976,1.47,1.78781,0.89525,0.69034,14.8576,-0.19038,-0.02356,136.53,98.77,66.378,1.32,0.74468,11.68568,1.47689,1.32194,-0.22374,-0.07308,4.4086,96.85,69.6,27.835,1.18,20,1.5,1.5,12,80,13.63,92
0.26582,0.05506,14.24984537,133.7815987,49.08916735,179.4288661,114.5383826,131.801194,19.14169613,113.8631474,112.4996493,128.3821637,117.0629423,114.1165211,110.448737,106.2983985,117.3588293,106.813196,1.346359832,1.527390168,1.447900558,1.231069531,1.012110476,1.516388879,0.975159728,1.568154204,1.090870495,-0.21986,-0.02359,3.2041,-0.71814,0.83789,-0.15935,-0.67051,0.70663,-0.66394,0.2944,-0.48239,0.44475,-0.79377,0.52384,129.9965,27.1204,134.7879,144.1387,29.6778,-52.1641,28.0543,158.6992,27.2521,172.0796,26.0344,4.74,3.28,9.7,2.97,1.5,2.03,2.75,1.02,1.88,521.79,522.87,56.226,1.66,1756.56,549.1817,3610.02,55.4932,2.71,1.03,1.9,2,1,1,1.35614444,1.084900356,1.085497097,1.083730961,0.973899875,113.1976425,116.8702434,117.7843715,106.7360229,124.6529327,0.140336653,0.047295572,-0.26424,0.01276,7.45553,158.6183,25.2021,175.7165,180.6481,30.5203,-52.885,30.6306,30.2971,26.1289,-0.73349,0.82535,-0.38272,-0.45503,-0.63083,91.15,33.975,-0.25805,-0.10973,0,6.15825,0.61168,123.13,54.677,1.35,0.69974,4.3093,-0.25443,-0.05436,1.15223,1.406029791,1.406432386,1.559021459,60.8212,61.115,61.2353,82.7487,-0.38986,-0.20234,-0.20275,304.57,281.76,33.976,1.47,1.78781,0.89525,0.69034,14.8576,-0.19038,-0.02356,136.53,98.77,66.378,1.32,-1.07941,24.48455,0.84973,0.82123,-0.19514,-0.07854,5.3151,68.37,36.97,23.532,1.27,20,1.5,1.5,12,80,13.63,86
0.26582,0.05506,14.24984537,133.7815987,49.08916735,179.4288661,114.5383826,131.801194,19.14169613,113.8631474,112.4996493,128.3821637,117.0629423,114.1165211,110.448737,106.2983985,117.3588293,106.813196,1.346359832,1.527390168,1.447900558,1.231069531,1.012110476,1.516388879,0.975159728,1.568154204,1.090870495,-0.21986,-0.02359,3.2041,-0.71814,0.83789,-0.15935,-0.67051,0.70663,-0.66394,0.2944,-0.48239,0.44475,-0.79377,0.52384,129.9965,27.1204,134.7879,144.1387,29.6778,-52.1641,28.0543,158.6992,27.2521,172.0796,26.0344,4.74,3.28,9.7,2.97,1.5,2.03,2.75,1.02,1.88,521.79,522.87,56.226,1.66,1756.56,549.1817,3610.02,55.4932,2.71,1.03,1.9,2,1,1,1.35614444,1.084900356,1.085497097,1.083730961,0.973899875,113.1976425,116.8702434,117.7843715,106.7360229,124.6529327,0.140336653,0.047295572,-0.26424,0.01276,7.45553,158.6183,25.2021,175.7165,180.6481,30.5203,-52.885,30.6306,30.2971,26.1289,-0.73349,0.82535,-0.38272,-0.45503,-0.63083,91.15,33.975,-0.28603,-0.15049,0.2333,1.96391,0.16748,151.44,54.622,1.43,0.79269,4.3093,-0.25443,-0.05436,1.15223,1.406029791,1.406432386,1.559021459,60.8212,61.115,61.2353,82.7487,-0.38986,-0.20234,-0.20275,304.57,281.76,33.976,1.47,1.78781,0.89525,0.69034,14.8576,-0.19038,-0.02356,136.53,98.77,66.378,1.32,0.76466,4.5053,0.40063,0.36793,-0.18794,-0.07871,7.5468,96.82,66.16,40.159,1.22,20,1.5,1.5,12,80,13.63,92
0.26582,0.05506,14.24984537,133.7815987,49.08916735,179.4288661,114.5383826,131.801194,19.14169613,113.8631474,112.4996493,128.3821637,117.0629423,114.1165211,110.448737,106.2983985,117.3588293,106.813196,1.346359832,1.527390168,1.447900558,1.231069531,1.012110476,1.516388879,0.975159728,1.568154204,1.090870495,-0.21986,-0.02359,3.2041,-0.71814,0.83789,-0.15935,-0.67051,0.70663,-0.66394,0.2944,-0.48239,0.44475,-0.79377,0.52384,129.9965,27.1204,134.7879,144.1387,29.6778,-52.1641,28.0543,158.6992,27.2521,172.0796,26.0344,4.74,3.28,9.7,2.97,1.5,2.03,2.75,1.02,1.88,521.79,522.87,56.226,1.66,1756.56,549.1817,3610.02,55.4932,2.71,1.03,1.9,2,1,1,1.35614444,1.084900356,1.085497097,1.083730961,0.973899875,113.1976425,116.8702434,117.7843715,106.7360229,124.6529327,0.140336653,0.047295572,-0.26424,0.01276,7.45553,158.6183,25.2021,175.7165,180.6481,30.5203,-52.885,30.6306,30.2971,26.1289,-0.73349,0.82535,-0.38272,-0.45503,-0.63083,91.15,33.975,-0.28351,-0.11334,0.9789,0.23059,0.15953,324.49,39.06,1.89,0.51468,4.3093,-0.25443,-0.05436,1.15223,1.406029791,1.406432386,1.559021459,60.8212,61.115,61.2353,82.7487,-0.38986,-0.20234,-0.20275,304.57,281.76,33.976,1.47,1.78781,0.89525,0.69034,14.8576,-0.19038,-0.02356,136.53,98.77,66.378,1.32,0.76466,4.5053,0.40063,0.36793,-0.18794,-0.07871,7.5468,96.82,66.16,40.159,1.22,20,1.5,1.5,12,80,13.63,88
0.26582,0.05506,14.24984537,133.7815987,49.08916735,179.4288661,114.5383826,131.801194,19.14169613,113.8631474,112.4996493,128.3821637,117.0629423,114.1165211,110.448737,106.2983985,117.3588293,106.813196,1.346359832,1.527390168,1.447900558,1.231069531,1.012110476,1.516388879,0.975159728,1.568154204,1.090870495,-0.21986,-0.02359,3.2041,-0.71814,0.83789,-0.15935,-0.67051,0.70663,-0.66394,0.2944,-0.48239,0.44475,-0.79377,0.52384,129.9965,27.1204,134.7879,144.1387,29.6778,-52.1641,28.0543,158.6992,27.2521,172.0796,26.0344,4.74,3.28,9.7,2.97,1.5,2.03,2.75,1.02,1.88,521.79,522.87,56.226,1.66,1756.56,549.1817,3610.02,55.4932,2.71,1.03,1.9,2,1,1,1.35614444,1.084900356,1.085497097,1.083730961,0.973899875,113.1976425,116.8702434,117.7843715,106.7360229,124.6529327,0.140336653,0.047295572,-0.26424,0.01276,7.45553,158.6183,25.2021,175.7165,180.6481,30.5203,-52.885,30.6306,30.2971,26.1289,-0.73349,0.82535,-0.38272,-0.45503,-0.63083,91.15,33.975,-0.24716,-0.10347,0,1.28177,0.50194,156.96,19.241,1.5,0.34416,4.3093,-0.25443,-0.05436,1.15223,1.406029791,1.406432386,1.559021459,60.8212,61.115,61.2353,82.7487,-0.38986,-0.20234,-0.20275,304.57,281.76,33.976,1.47,1.78781,0.89525,0.69034,14.8576,-0.19038,-0.02356,136.53,98.77,66.378,1.32,0.76466,4.5053,0.40063,0.36793,-0.18794,-0.07871,7.5468,96.82,66.16,40.159,1.22,20,1.5,1.5,12,80,13.63,86
0.26582,0.05506,14.24984537,133.7815987,49.08916735,179.4288661,114.5383826,131.801194,19.14169613,113.8631474,112.4996493,128.3821637,117.0629423,114.1165211,110.448737,106.2983985,117.3588293,106.813196,1.346359832,1.527390168,1.447900558,1.231069531,1.012110476,1.516388879,0.975159728,1.568154204,1.090870495,-0.21986,-0.02359,3.2041,-0.71814,0.83789,-0.15935,-0.67051,0.70663,-0.66394,0.2944,-0.48239,0.44475,-0.79377,0.52384,129.9965,27.1204,134.7879,144.1387,29.6778,-52.1641,28.0543,158.6992,27.2521,172.0796,26.0344,4.74,3.28,9.7,2.97,1.5,2.03,2.75,1.02,1.88,521.79,522.87,56.226,1.66,1756.56,549.1817,3610.02,55.4932,2.71,1.03,1.9,2,1,1,1.35614444,1.084900356,1.085497097,1.083730961,0.973899875,113.1976425,116.8702434,117.7843715,106.7360229,124.6529327,0.140336653,0.047295572,-0.26424,0.01276,7.45553,158.6183,25.2021,175.7165,180.6481,30.5203,-52.885,30.6306,30.2971,26.1289,-0.73349,0.82535,-0.38272,-0.45503,-0.63083,91.15,33.975,-0.24741,-0.10366,0,0.88902,0.08131,288.38,19.246,1.59,0.34889,4.3093,-0.25443,-0.05436,1.15223,1.406029791,1.406432386,1.559021459,60.8212,61.115,61.2353,82.7487,-0.38986,-0.20234,-0.20275,304.57,281.76,33.976,1.47,1.78781,0.89525,0.69034,14.8576,-0.19038,-0.02356,136.53,98.77,66.378,1.32,0.76466,4.5053,0.40063,0.36793,-0.18794,-0.07871,7.5468,96.82,66.16,40.159,1.22,20,1.5,1.5,12,80,13.63,88
0.26582,0.05506,14.24984537,133.7815987,49.08916735,179.4288661,114.5383826,131.801194,19.14169613,113.8631474,112.4996493,128.3821637,117.0629423,114.1165211,110.448737,106.2983985,117.3588293,106.813196,1.346359832,1.527390168,1.447900558,1.231069531,1.012110476,1.516388879,0.975159728,1.568154204,1.090870495,-0.21986,-0.02359,3.2041,-0.71814,0.83789,-0.15935,-0.67051,0.70663,-0.66394,0.2944,-0.48239,0.44475,-0.79377,0.52384,129.9965,27.1204,134.7879,144.1387,29.6778,-52.1641,28.0543,158.6992,27.2521,172.0796,26.0344,4.74,3.28,9.7,2.97,1.5,2.03,2.75,1.02,1.88,521.79,522.87,56.226,1.66,1756.56,549.1817,3610.02,55.4932,2.71,1.03,1.9,2,1,1,1.35614444,1.084900356,1.085497097,1.083730961,0.973899875,113.1976425,116.8702434,117.7843715,106.7360229,124.6529327,0.140336653,0.047295572,-0.26424,0.01276,7.45553,158.6183,25.2021,175.7165,180.6481,30.5203,-52.885,30.6306,30.2971,26.1289,-0.73349,0.82535,-0.38272,-0.45503,-0.63083,91.15,33.975,-0.2376,-0.06347,1.1414,1.55657,0.28081,184.51,0,1.51,0.23406,4.3093,-0.25443,-0.05436,1.15223,1.406029791,1.406432386,1.559021459,60.8212,61.115,61.2353,82.7487,-0.38986,-0.20234,-0.20275,304.57,281.76,33.976,1.47,1.78781,0.89525,0.69034,14.8576,-0.19038,-0.02356,136.53,98.77,66.378,1.32,0.76466,4.5053,0.40063,0.36793,-0.18794,-0.07871,7.5468,96.82,66.16,40.159,1.22,20,1.5,1.5,12,80,13.63,84
0.26582,0.05506,14.24984537,133.7815987,49.08916735,179.4288661,114.5383826,131.801194,19.14169613,113.8631474,112.4996493,128.3821637,117.0629423,114.1165211,110.448737,106.2983985,117.3588293,106.813196,1.346359832,1.527390168,1.447900558,1.231069531,1.012110476,1.516388879,0.975159728,1.568154204,1.090870495,-0.21986,-0.02359,3.2041,-0.71814,0.83789,-0.15935,-0.67051,0.70663,-0.66394,0.2944,-0.48239,0.44475,-0.79377,0.52384,129.9965,27.1204,134.7879,144.1387,29.6778,-52.1641,28.0543,158.6992,27.2521,172.0796,26.0344,4.74,3.28,9.7,2.97,1.5,2.03,2.75,1.02,1.88,521.79,522.87,56.226,1.66,1756.56,549.1817,3610.02,55.4932,2.71,1.03,1.9,2,1,1,1.35614444,1.084900356,1.085497097,1.083730961,0.973899875,113.1976425,116.8702434,117.7843715,106.7360229,124.6529327,0.140336653,0.047295572,-0.26424,0.01276,7.45553,158.6183,25.2021,175.7165,180.6481,30.5203,-52.885,30.6306,30.2971,26.1289,-0.73349,0.82535,-0.38272,-0.45503,-0.63083,91.15,33.975,-0.22546,-0.08008,1.156,0.09583,0.05344,632.39,0,1.79,-0.10657,4.3093,-0.25443,-0.05436,1.15223,1.406029791,1.406432386,1.559021459,60.8212,61.115,61.2353,82.7487,-0.38986,-0.20234,-0.20275,304.57,281.76,33.976,1.47,1.78781,0.89525,0.69034,14.8576,-0.19038,-0.02356,136.53,98.77,66.378,1.32,0.76466,4.5053,0.40063,0.36793,-0.18794,-0.07871,7.5468,96.82,66.16,40.159,1.22,20,1.5,1.5,12,80,13.63,82
0.26525,0.05495,14.71374375,133.3871281,49.764465,179.9072829,114.0173023,132.343734,18.67361164,113.8142467,112.5713338,128.4610164,117.0529356,114.1091489,110.3219932,106.3222036,117.3568799,106.6804246,1.346556215,1.527480855,1.447419558,1.230119841,1.012026203,1.516771785,0.974677094,1.568334367,1.090871091,-0.21986,-0.02391,3.0917,-0.71715,0.8366,-0.15845,-0.67097,0.70617,-0.65853,0.29107,-0.48195,0.44415,-0.79307,0.5218,129.5398,27.3854,134.7112,144.4359,30.1812,-55.7128,28.1233,158.5057,27.2821,172.1512,26.1306,4.74,3.28,9.69,2.97,1.5,2.03,2.75,1.02,1.88,522.2,522.95,56.152,1.66,1761.57,500.2609,3610.79,46.5005,2.71,1.03,1.9,2,1,1,1.356734904,1.084834452,1.085448064,1.083706075,0.973420311,113.1291863,116.7952028,117.878195,106.6385189,124.7127253,0.02165288,0.05878301,-0.26442,0.0126,7.45652,158.6491,25.6165,175.6647,180.616,30.536,-54.5944,30.6697,30.3143,26.2347,-0.73341,0.8249,-0.38159,-0.45376,-0.62682,91.14,33.958,-0.2582,-0.10974,0.0001,6.15816,0.61175,123.13,54.67,1.35,0.70235,4.1608,-0.2533,-0.0535,1.15182,1.405997319,1.406414685,1.558334299,60.9872,61.1296,61.1732,82.73,-0.38951,-0.20077,-0.20098,304.57,281.76,33.976,1.47,1.84831,0.88232,0.69091,14.1865,-0.18759,-0.026,136.17,98.62,66.294,1.32,0.75582,4.5178,0.40418,0.371,-0.1898,-0.08443,7.2601,96.57,66.07,40.078,1.22,20,1.5,1.5,12,80,5.84,88
0.26536,0.05596,12.42029122,136.0765504,48.71894955,179.8250809,117.0483988,129.4032996,22.3298293,114.120255,112.238186,127.8106418,117.1517402,114.1206045,111.5071531,106.0635251,117.8587252,108.044744,1.340295681,1.527052726,1.449852425,1.237788238,1.01302125,1.513308663,0.975309058,1.565225235,1.09146326,-0.22072,-0.02437,3.3426,-0.71879,0.85239,-0.16029,-0.66105,0.71477,-0.70615,0.29961,-0.4824,0.45079,-0.79419,0.54229,132.8981,25.341,134.202,141.4545,26.5778,-27.049,27.975,159.3315,26.8646,172.2505,25.1369,5.01,3.43,9.6,2.97,1.5,2.03,2.75,1.02,1.88,522.13,522.84,56.768,1.66,1715.88,746.2274,3600.27,70.2389,2.71,1.03,1.9,2,1,1,1.351174925,1.085133033,1.08555943,1.083884879,0.973923382,113.5258349,116.8721897,117.8205465,107.9087492,124.1597732,0.074099367,0.124329119,-0.27076,0.00755,7.44741,160.8934,22.3288,175.346,179.9288,30.4754,-35.2914,30.5619,30.2363,25.2953,-0.73802,0.8378,-0.38396,-0.4531,-0.66544,91.14,33.999,-0.25089,-0.10865,0,6.15737,0.60887,123.19,54.714,1.35,0.74907,4.7122,-0.25675,-0.05852,1.15205,1.4060664,1.406283731,1.558168306,60.6965,60.9985,61.1484,82.7777,-0.38925,-0.2014,-0.20164,304.57,281.76,33.976,1.47,1.7646415,1.0102694,0.7401255,14.3025,-0.21037,-0.02886,139.98,100.02,70.903,1.34,0.79875,4.46774,0.38892,0.35777,-0.203,-0.07991,8.3156,97.19,69.71,27.931,1.19,20,1.5,1.5,12,80,16.82,78
0.26582,0.05506,14.24984537,133.7815987,49.08916735,179.4288661,114.5383826,131.801194,19.14169613,113.8631474,112.4996493,128.3821637,117.0629423,114.1165211,110.448737,106.2983985,117.3588293,106.813196,1.346359832,1.527390168,1.447900558,1.231069531,1.012110476,1.516388879,0.975159728,1.568154204,1.090870495,-0.21986,-0.02359,3.2041,-0.71814,0.83789,-0.15935,-0.67051,0.70663,-0.66394,0.2944,-0.48239,0.44475,-0.79377,0.52384,129.9965,27.1204,134.7879,144.1387,29.6778,-52.1641,28.0543,158.6992,27.2521,172.0796,26.0344,4.74,3.28,9.7,2.97,1.5,2.03,2.75,1.02,1.88,521.79,522.87,56.226,1.66,1756.56,549.1817,3610.02,55.4932,2.71,1.03,1.9,2,1,1,1.35614444,1.084900356,1.085497097,1.083730961,0.973899875,113.1976425,116.8702434,117.7843715,106.7360229,124.6529327,0.140336653,0.047295572,-0.26424,0.01276,7.45553,158.6183,25.2021,175.7165,180.6481,30.5203,-52.885,30.6306,30.2971,26.1289,-0.73349,0.82535,-0.38272,-0.45503,-0.63083,91.15,33.975,-0.25805,-0.10973,0,6.15825,0.61168,123.13,54.677,1.35,0.69974,4.3093,-0.25443,-0.05436,1.15223,1.406029791,1.406432386,1.559021459,60.8212,61.115,61.2353,82.7487,-0.38986,-0.20234,-0.20275,304.57,281.76,33.976,1.47,1.78781,0.89525,0.69034,14.8576,-0.19038,-0.02356,136.53,98.77,66.378,1.32,0.76466,4.5053,0.40063,0.36793,-0.18794,-0.07871,7.5468,96.82,66.16,40.159,1.22,20,1.5,1.5,12,70,13.63,94
0.26582,0.05506,14.24984537,133.7815987,49.08916735,179.4288661,114.5383826,131.801194,19.14169613,113.8631474,112.4996493,128.3821637,117.0629423,114.1165211,110.448737,106.2983985,117.3588293,106.813196,1.346359832,1.527390168,1.447900558,1.231069531,1.012110476,1.516388879,0.975159728,1.568154204,1.090870495,-0.21986,-0.02359,3.2041,-0.71814,0.83789,-0.15935,-0.67051,0.70663,-0.66394,0.2944,-0.48239,0.44475,-0.79377,0.52384,129.9965,27.1204,134.7879,144.1387,29.6778,-52.1641,28.0543,158.6992,27.2521,172.0796,26.0344,4.74,3.28,9.7,2.97,1.5,2.03,2.75,1.02,1.88,521.79,522.87,56.226,1.66,1756.56,549.1817,3610.02,55.4932,2.71,1.03,1.9,2,1,1,1.35614444,1.084900356,1.085497097,1.083730961,0.973899875,113.1976425,116.8702434,117.7843715,106.7360229,124.6529327,0.140336653,0.047295572,-0.26424,0.01276,7.45553,158.6183,25.2021,175.7165,180.6481,30.5203,-52.885,30.6306,30.2971,26.1289,-0.73349,0.82535,-0.38272,-0.45503,-0.63083,91.15,33.975,-0.25805,-0.10973,0,6.15825,0.61168,123.13,54.677,1.35,0.69974,4.3093,-0.25443,-0.05436,1.15223,1.406029791,1.406432386,1.559021459,60.8212,61.115,61.2353,82.7487,-0.38986,-0.20234,-0.20275,304.57,281.76,33.976,1.47,1.78781,0.89525,0.69034,14.8576,-0.19038,-0.02356,136.53,98.77,66.378,1.32,0.76466,4.5053,0.40063,0.36793,-0.18794,-0.07871,7.5468,96.82,66.16,40.159,1.22,20,1.5,1.5,12,90,13.63,80
0.26582,0.05506,14.24984537,133.7815987,49.08916735,179.4288661,114.5383826,131.801194,19.14169613,113.8631474,112.4996493,128.3821637,117.0629423,114.1165211,110.448737,106.2983985,117.3588293,106.813196,1.346359832,1.527390168,1.447900558,1.231069531,1.012110476,1.516388879,0.975159728,1.568154204,1.090870495,-0.21986,-0.02359,3.2041,-0.71814,0.83789,-0.15935,-0.67051,0.70663,-0.66394,0.2944,-0.48239,0.44475,-0.79377,0.52384,129.9965,27.1204,134.7879,144.1387,29.6778,-52.1641,28.0543,158.6992,27.2521,172.0796,26.0344,4.74,3.28,9.7,2.97,1.5,2.03,2.75,1.02,1.88,521.79,522.87,56.226,1.66,1756.56,549.1817,3610.02,55.4932,2.71,1.03,1.9,2,1,1,1.35614444,1.084900356,1.085497097,1.083730961,0.973899875,113.1976425,116.8702434,117.7843715,106.7360229,124.6529327,0.140336653,0.047295572,-0.26424,0.01276,7.45553,158.6183,25.2021,175.7165,180.6481,30.5203,-52.885,30.6306,30.2971,26.1289,-0.73349,0.82535,-0.38272,-0.45503,-0.63083,91.15,33.975,-0.25805,-0.10973,0,6.15825,0.61168,123.13,54.677,1.35,0.69974,4.3093,-0.25443,-0.05436,1.15223,1.406029791,1.406432386,1.559021459,60.8212,61.115,61.2353,82.7487,-0.38986,-0.20234,-0.20275,304.57,281.76,33.976,1.47,6.0916311,1.9518899,1.4782697,9.4425,-0.18124,-0.02116,90.74,62.17,40.147,1.2,0.76466,4.5053,0.40063,0.36793,-0.18794,-0.07871,7.5468,96.82,66.16,40.159,1.22,20,1.5,1.5,12,80,13.63,88
0.26582,0.05506,14.24984537,133.7815987,49.08916735,179.4288661,114.5383826,131.801194,19.14169613,113.8631474,112.4996493,128.3821637,117.0629423,114.1165211,110.448737,106.2983985,117.3588293,106.813196,1.346359832,1.527390168,1.447900558,1.231069531,1.012110476,1.516388879,0.975159728,1.568154204,1.090870495,-0.21986,-0.02359,3.2041,-0.71814,0.83789,-0.15935,-0.67051,0.70663,-0.66394,0.2944,-0.48239,0.44475,-0.79377,0.52384,129.9965,27.1204,134.7879,144.1387,29.6778,-52.1641,28.0543,158.6992,27.2521,172.0796,26.0344,4.74,3.28,9.7,2.97,1.5,2.03,2.75,1.02,1.88,521.79,522.87,56.226,1.66,1756.56,549.1817,3610.02,55.4932,2.71,1.03,1.9,2,1,1,1.35614444,1.084900356,1.085497097,1.083730961,0.973899875,113.1976425,116.8702434,117.7843715,106.7360229,124.6529327,0.140336653,0.047295572,-0.26424,0.01276,7.45553,158.6183,25.2021,175.7165,180.6481,30.5203,-52.885,30.6306,30.2971,26.1289,-0.73349,0.82535,-0.38272,-0.45503,-0.63083,91.15,33.975,-0.25805,-0.10973,0,6.15825,0.61168,123.13,54.677,1.35,0.69974,4.3093,-0.25443,-0.05436,1.15223,1.406029791,1.406432386,1.559021459,60.8212,61.115,61.2353,82.7487,-0.38986,-0.20234,-0.20275,304.57,281.76,33.976,1.47,11.5194601,1.9003028,1.6478714,8.3513,-0.20964,-0.01911,106.57,78.43,26.976,1.2,0.76466,4.5053,0.40063,0.36793,-0.18794,-0.07871,7.5468,96.82,66.16,40.159,1.22,20,1.5,1.5,12,80,13.63,88
0.26582,0.05506,14.24984537,133.7815987,49.08916735,179.4288661,114.5383826,131.801194,19.14169613,113.8631474,112.4996493,128.3821637,117.0629423,114.1165211,110.448737,106.2983985,117.3588293,106.813196,1.346359832,1.527390168,1.447900558,1.231069531,1.012110476,1.516388879,0.975159728,1.568154204,1.090870495,-0.21986,-0.02359,3.2041,-0.71814,0.83789,-0.15935,-0.67051,0.70663,-0.66394,0.2944,-0.48239,0.44475,-0.79377,0.52384,129.9965,27.1204,134.7879,144.1387,29.6778,-52.1641,28.0543,158.6992,27.2521,172.0796,26.0344,4.74,3.28,9.7,2.97,1.5,2.03,2.75,1.02,1.88,521.79,522.87,56.226,1.66,1756.56,549.1817,3610.02,55.4932,2.71,1.03,1.9,2,1,1,1.35614444,1.084900356,1.085497097,1.083730961,0.973899875,113.1976425,116.8702434,117.7843715,106.7360229,124.6529327,0.140336653,0.047295572,-0.26424,0.01276,7.45553,158.6183,25.2021,175.7165,180.6481,30.5203,-52.885,30.6306,30.2971,26.1289,-0.73349,0.82535,-0.38272,-0.45503,-0.63083,91.15,33.975,-0.25805,-0.10973,0,6.15825,0.61168,123.13,54.677,1.35,0.69974,4.3093,-0.25443,-0.05436,1.15223,1.406029791,1.406432386,1.559021459,60.8212,61.115,61.2353,82.7487,-0.38986,-0.20234,-0.20275,304.57,281.76,33.976,1.47,4.5536163,1.2698643,1.2489696,9.4438,-0.23977,-0.0227,116.98,82.32,76.793,1.28,0.76466,4.5053,0.40063,0.36793,-0.18794,-0.07871,7.5468,96.82,66.16,40.159,1.22,20,1.5,1.5,12,80,13.63,88
0.26582,0.05506,14.24984537,133.7815987,49.08916735,179.4288661,114.5383826,131.801194,19.14169613,113.8631474,112.4996493,128.3821637,117.0629423,114.1165211,110.448737,106.2983985,117.3588293,106.813196,1.346359832,1.527390168,1.447900558,1.231069531,1.012110476,1.516388879,0.975159728,1.568154204,1.090870495,-0.21986,-0.02359,3.2041,-0.71814,0.83789,-0.15935,-0.67051,0.70663,-0.66394,0.2944,-0.48239,0.44475,-0.79377,0.52384,129.9965,27.1204,134.7879,144.1387,29.6778,-52.1641,28.0543,158.6992,27.2521,172.0796,26.0344,4.74,3.28,9.7,2.97,1.5,2.03,2.75,1.02,1.88,521.79,522.87,56.226,1.66,1756.56,549.1817,3610.02,55.4932,2.71,1.03,1.9,2,1,1,1.35614444,1.084900356,1.085497097,1.083730961,0.973899875,113.1976425,116.8702434,117.7843715,106.7360229,124.6529327,0.140336653,0.047295572,-0.26424,0.01276,7.45553,158.6183,25.2021,175.7165,180.6481,30.5203,-52.885,30.6306,30.2971,26.1289,-0.73349,0.82535,-0.38272,-0.45503,-0.63083,91.15,33.975,-0.25805,-0.10973,0,6.15825,0.61168,123.13,54.677,1.35,0.69974,4.3093,-0.25443,-0.05436,1.15223,1.406029791,1.406432386,1.559021459,60.8212,61.115,61.2353,82.7487,-0.38986,-0.20234,-0.20275,304.57,281.76,33.976,1.47,0.75055,0.58661,0.48654,11.707,-0.21436,-0.02132,200.6,149.39,135.15,1.47,0.76466,4.5053,0.40063,0.36793,-0.18794,-0.07871,7.5468,96.82,66.16,40.159,1.22,20,1.5,1.5,12,80,13.63,86
0.26582,0.05506,14.24984537,133.7815987,49.08916735,179.4288661,114.5383826,131.801194,19.14169613,113.8631474,112.4996493,128.3821637,117.0629423,114.1165211,110.448737,106.2983985,117.3588293,106.813196,1.346359832,1.527390168,1.447900558,1.231069531,1.012110476,1.516388879,0.975159728,1.568154204,1.090870495,-0.21986,-0.02359,3.2041,-0.71814,0.83789,-0.15935,-0.67051,0.70663,-0.66394,0.2944,-0.48239,0.44475,-0.79377,0.52384,129.9965,27.1204,134.7879,144.1387,29.6778,-52.1641,28.0543,158.6992,27.2521,172.0796,26.0344,4.74,3.28,9.7,2.97,1.5,2.03,2.75,1.02,1.88,521.79,522.87,56.226,1.66,1756.56,549.1817,3610.02,55.4932,2.71,1.03,1.9,2,1,1,1.35614444,1.084900356,1.085497097,1.083730961,0.973899875,113.1976425,116.8702434,117.7843715,106.7360229,124.6529327,0.140336653,0.047295572,-0.26424,0.01276,7.45553,158.6183,25.2021,175.7165,180.6481,30.5203,-52.885,30.6306,30.2971,26.1289,-0.73349,0.82535,-0.38272,-0.45503,-0.63083,91.15,33.975,-0.25805,-0.10973,0,6.15825,0.61168,123.13,54.677,1.35,0.69974,4.3093,-0.25443,-0.05436,1.15223,1.406029791,1.406432386,1.559021459,60.8212,61.115,61.2353,82.7487,-0.38986,-0.20234,-0.20275,304.57,281.76,33.976,1.47,0.8795579,0.8724809,0.5383122,11.579,-0.15702,-0.02166,154.85,115.37,60.92,1.35,0.76466,4.5053,0.40063,0.36793,-0.18794,-0.07871,7.5468,96.82,66.16,40.159,1.22,20,1.5,1.5,12,80,13.63,92
0.26582,0.05506,14.24984537,133.7815987,49.08916735,179.4288661,114.5383826,131.801194,19.14169613,113.8631474,112.4996493,128.3821637,117.0629423,114.1165211,110.448737,106.2983985,117.3588293,106.813196,1.346359832,1.527390168,1.447900558,1.231069531,1.012110476,1.516388879,0.975159728,1.568154204,1.090870495,-0.21986,-0.02359,3.2041,-0.71814,0.83789,-0.15935,-0.67051,0.70663,-0.66394,0.2944,-0.48239,0.44475,-0.79377,0.52384,129.9965,27.1204,134.7879,144.1387,29.6778,-52.1641,28.0543,158.6992,27.2521,172.0796,26.0344,4.74,3.28,9.7,2.97,1.5,2.03,2.75,1.02,1.88,521.79,522.87,56.226,1.66,1756.56,549.1817,3610.02,55.4932,2.71,1.03,1.9,2,1,1,1.35614444,1.084900356,1.085497097,1.083730961,0.973899875,113.1976425,116.8702434,117.7843715,106.7360229,124.6529327,0.140336653,0.047295572,-0.26424,0.01276,7.45553,158.6183,25.2021,175.7165,180.6481,30.5203,-52.885,30.6306,30.2971,26.1289,-0.73349,0.82535,-0.38272,-0.45503,-0.63083,91.15,33.975,-0.25805,-0.10973,0,6.15825,0.61168,123.13,54.677,1.35,0.69974,4.3093,-0.25443,-0.05436,1.15223,1.406029791,1.406432386,1.559021459,60.8212,61.115,61.2353,82.7487,-0.38986,-0.20234,-0.20275,304.57,281.76,33.976,1.47,2.83831,0.21079,0.19635,14.4075,-0.09674,-0.0133,147.08,112.65,38.211,1.3,0.76466,4.5053,0.40063,0.36793,-0.18794,-0.07871,7.5468,96.82,66.16,40.159,1.22,20,1.5,1.5,12,80,13.63,90
0.79444,0.46559,10.94858064,150.3374049,50.36809255,167.1515026,114.8661449,129.8014331,33.95291727,114.0631784,112.5990387,126.4288804,116.5457632,112.7856331,108.8307292,107.8740298,117.5919168,108.1612934,1.339959298,1.524896685,1.451192066,1.234831597,1.013810833,1.513981809,0.975554011,1.558801421,1.091935573,-0.23945,-0.00797,3.0737,-0.7153,0.849,-0.16146,-0.66902,0.7097,-0.68714,0.29812,-0.48027,0.44905,-0.7966,0.54005,136.9201,25.5148,132.5414,141.4311,26.6894,-41.708,27.2118,149.5431,26.5324,171.6712,24.7201,4.91,1.56,5.96,2.97,1.5,2.03,2.75,1.02,1.88,239.24,215.12,58.087,1.38,1732.72,702.3797,3595.3,62.7411,2.71,1.03,1.9,4.05,1.5,3.14,1.351351614,1.093670307,1.094489943,1.535146374,0.974550095,111.7420118,117.066397,116.9452607,107.7710055,126.2276786,24.46595331,0.406011234,-0.26856,0.0098,1.89413,150.9102,18.2408,139.2469,156.9791,29.4591,-47.2051,29.471,156.6574,24.8758,-0.72948,0.85542,-0.15769,-0.44375,-0.64711,143.5,33.935,-0.25805,-0.10973,0,6.15825,0.61168,123.13,54.677,1.35,0.69974,4.3093,-0.25443,-0.05436,1.15223,1.406029791,1.406432386,1.559021459,60.8212,61.115,61.2353,82.7487,-0.38986,-0.20234,-0.20275,304.57,281.76,33.976,1.47,1.78781,0.89525,0.69034,14.8576,-0.19038,-0.02356,136.53,98.77,66.378,1.32,0.76466,4.5053,0.40063,0.36793,-0.18794,-0.07871,7.5468,96.82,66.16,40.159,1.22,20,1.5,2,12,60,12.58,50
0.57727,0.23633,6.316369687,165.2682085,41.55490113,165.9120512,119.9358829,124.4187333,48.63554432,113.9239631,112.1752659,124.0199442,117.5188133,113.1755151,109.1429,107.6412392,110.6347539,107.2787684,1.345326523,1.5235714,1.453478129,1.222869031,1.010641847,1.350820023,0.975067823,1.558406431,1.092891596,-0.23901,-0.00643,1.0347,-0.71414,0.83923,-0.16255,-0.69409,0.94788,-0.67823,0.29992,-0.48313,0.45249,-0.59643,0.52268,136.9145,27.5105,133.0652,169.9406,44.8699,55.6296,27.1896,151.3387,27.6092,147.1419,25.5301,4.83,1.55,6,5.27,1.05,4.2,2.75,1.02,1.88,304.21,278.8,61.275,1.47,1787.52,637.8213,3642.41,79.8688,6.17,1.49,7.78,4.05,1.5,3.14,1.396976908,1.094900208,1.094299205,1.539026355,1.012585477,113.1965161,117.5847791,116.8029174,117.7266037,125.2002051,23.93763976,161.9509754,-0.2516,-0.06758,0.62455,147.7973,23.5646,137.9856,157.8017,29.4881,-85.2536,29.4673,155.0422,24.5435,-0.66143,0.72085,-0.14228,-0.45226,-0.60198,270.42,37.693,-0.2582,-0.10974,0.0001,6.15816,0.61175,123.13,54.67,1.35,0.70235,2.3435,-0.24552,-0.02109,1.33336,1.406419107,1.406353917,1.554839652,66.6148,61.3157,61.3096,82.5072,-0.41996,-0.20006,-0.20008,251.54,233.53,13.896,1.37,6.1268961,1.9593751,1.4846016,9.2134,-0.1792,-0.02399,90.57,62.11,40.099,1.19,0.75582,4.5178,0.40418,0.371,-0.1898,-0.08443,7.2601,96.57,66.07,40.078,1.22,11,2,1.5,24,70,5.91,31
0.25412,0.10578,3.79661117,160.3781662,36.93001909,173.9632036,122.6122201,121.6549379,44.08383648,113.9631797,111.9838131,125.7635546,118.2730445,113.3507852,109.2324559,107.7564347,109.1359244,107.3775476,1.345165157,1.524399985,1.453742438,1.215940002,1.010336746,1.371255993,0.975120938,1.556705557,1.092780524,-0.2411,-0.04319,2.8818,-0.71483,0.83981,-0.16305,-0.68454,0.94897,-0.65581,0.30097,-0.48095,0.45829,-0.60292,0.52418,137.6006,27.9462,132.7763,167.6211,47.0146,54.42,26.9752,151.3622,27.5557,156.8307,25.4742,4.82,1.55,6,6.47,2.19,6.81,2.75,1.02,1.88,421.65,394.32,59.37,1.62,1815.36,790.083,3643.96,105.8505,6.17,1.49,7.78,4.05,1.5,3.14,1.396976908,1.094900208,1.094299205,1.539026355,1.012585477,113.1965161,117.5847791,116.8029174,117.7266037,125.2002051,23.93763976,161.9509754,-0.2516,-0.06758,0.62455,147.7973,23.5646,137.9856,157.8017,29.4881,-85.2536,29.4673,155.0422,24.5435,-0.66143,0.72085,-0.14228,-0.45226,-0.60198,270.42,37.693,-0.2582,-0.10974,0.0001,6.15816,0.61175,123.13,54.67,1.35,0.70235,2.3435,-0.24552,-0.02109,1.33336,1.406419107,1.406353917,1.554839652,66.6148,61.3157,61.3096,82.5072,-0.41996,-0.20006,-0.20008,251.54,233.53,13.896,1.37,6.1268961,1.9593751,1.4846016,9.2134,-0.1792,-0.02399,90.57,62.11,40.099,1.19,0.75582,4.5178,0.40418,0.371,-0.1898,-0.08443,7.2601,96.57,66.07,40.078,1.22,11,2,1.5,24,70,5.91,32
0.19464,0.09006,7.033701259,117.1507259,93.46182515,165.032221,136.077603,108.1828997,4.308527256,115.4675585,111.2679977,125.3991303,116.2842122,113.8652608,112.390663,107.4691344,111.0957481,106.4816441,1.342135657,1.542350328,1.461770004,1.221340473,1.013742783,1.339852888,0.97950197,1.560280783,1.091512628,-0.22714,-0.0237,4.1125,-0.70894,0.82616,-0.17725,-0.73323,0.96181,-0.67149,0.30618,-0.48658,0.45442,-0.58683,0.51826,149.7687,27.6456,136.277,165.3979,44.1346,44.9085,28.0133,162.0195,28.3389,145.9158,22.5689,5.08,2.08,7.84,5.27,1.05,4.2,2.75,1.02,1.88,456.44,452.67,56.745,1.6,1784.65,558.5621,3594.9,189.9525,6.17,1.49,7.78,4.05,1.5,3.14,1.396976908,1.094900208,1.094299205,1.539026355,1.012585477,113.1965161,117.5847791,116.8029174,117.7266037,125.2002051,23.93763976,161.9509754,-0.2516,-0.06758,0.62455,147.7973,23.5646,137.9856,157.8017,29.4881,-85.2536,29.4673,155.0422,24.5435,-0.66143,0.72085,-0.14228,-0.45226,-0.60198,270.42,37.693,-0.2582,-0.10974,0.0001,6.15816,0.61175,123.13,54.67,1.35,0.70235,2.3435,-0.24552,-0.02109,1.33336,1.406419107,1.406353917,1.554839652,66.6148,61.3157,61.3096,82.5072,-0.41996,-0.20006,-0.20008,251.54,233.53,13.896,1.37,6.1268961,1.9593751,1.4846016,9.2134,-0.1792,-0.02399,90.57,62.11,40.099,1.19,0.75582,4.5178,0.40418,0.371,-0.1898,-0.08443,7.2601,96.57,66.07,40.078,1.22,11,2,1.5,24,70,5.91,45
0.26582,0.05506,14.24984537,133.7815987,49.08916735,179.4288661,114.5383826,131.801194,19.14169613,113.8631474,112.4996493,128.3821637,117.0629423,114.1165211,110.448737,106.2983985,117.3588293,106.813196,1.346359832,1.527390168,1.447900558,1.231069531,1.012110476,1.516388879,0.975159728,1.568154204,1.090870495,-0.21986,-0.02359,3.2041,-0.71814,0.83789,-0.15935,-0.67051,0.70663,-0.66394,0.2944,-0.48239,0.44475,-0.79377,0.52384,129.9965,27.1204,134.7879,144.1387,29.6778,-52.1641,28.0543,158.6992,27.2521,172.0796,26.0344,4.74,3.28,9.7,2.97,1.5,2.03,2.75,1.02,1.88,521.79,522.87,56.226,1.66,1756.56,549.1817,3610.02,55.4932,2.71,1.03,1.9,2,1,1,1.35614444,1.084900356,1.085497097,1.083730961,0.973899875,113.1976425,116.8702434,117.7843715,106.7360229,124.6529327,0.140336653,0.047295572,-0.26424,0.01276,7.45553,158.6183,25.2021,175.7165,180.6481,30.5203,-52.885,30.6306,30.2971,26.1289,-0.73349,0.82535,-0.38272,-0.45503,-0.63083,91.15,33.975,-0.25805,-0.10973,0,6.15825,0.61168,123.13,54.677,1.35,0.69974,1.17654,-0.24583,-0.05997,5.9298,1.408167006,1.405771622,1.562001721,60.5658,61.3453,60.9547,83.0383,-0.38779,-0.2043,-0.20326,292.97,272.73,28.206,1.44,1.78781,0.89525,0.69034,14.8576,-0.19038,-0.02356,136.53,98.77,66.378,1.32,0.76466,4.5053,0.40063,0.36793,-0.18794,-0.07871,7.5468,96.82,66.16,40.159,1.22,20,1.5,1.5,12,80,13.63,96
0.26582,0.05506,14.24984537,133.7815987,49.08916735,179.4288661,114.5383826,131.801194,19.14169613,113.8631474,112.4996493,128.3821637,117.0629423,114.1165211,110.448737,106.2983985,117.3588293,106.813196,1.346359832,1.527390168,1.447900558,1.231069531,1.012110476,1.516388879,0.975159728,1.568154204,1.090870495,-0.21986,-0.02359,3.2041,-0.71814,0.83789,-0.15935,-0.67051,0.70663,-0.66394,0.2944,-0.48239,0.44475,-0.79377,0.52384,129.9965,27.1204,134.7879,144.1387,29.6778,-52.1641,28.0543,158.6992,27.2521,172.0796,26.0344,4.74,3.28,9.7,2.97,1.5,2.03,2.75,1.02,1.88,521.79,522.87,56.226,1.66,1756.56,549.1817,3610.02,55.4932,2.71,1.03,1.9,2,1,1,1.35614444,1.084900356,1.085497097,1.083730961,0.973899875,113.1976425,116.8702434,117.7843715,106.7360229,124.6529327,0.140336653,0.047295572,-0.26424,0.01276,7.45553,158.6183,25.2021,175.7165,180.6481,30.5203,-52.885,30.6306,30.2971,26.1289,-0.73349,0.82535,-0.38272,-0.45503,-0.63083,91.15,33.975,-0.25805,-0.10973,0,6.15825,0.61168,123.13,54.677,1.35,0.69974,1.07271,-0.2583,-0.04008,5.9894,1.405414302,1.40648859,1.562309767,61.7734,60.9808,60.8208,83.1233,-0.39316,-0.1946,-0.19489,287.76,265.85,13.779,1.44,1.78781,0.89525,0.69034,14.8576,-0.19038,-0.02356,136.53,98.77,66.378,1.32,0.76466,4.5053,0.40063,0.36793,-0.18794,-0.07871,7.5468,96.82,66.16,40.159,1.22,20,1.5,1.5,12,80,13.63,94
0.26582,0.05506,14.24984537,133.7815987,49.08916735,179.4288661,114.5383826,131.801194,19.14169613,113.8631474,112.4996493,128.3821637,117.0629423,114.1165211,110.448737,106.2983985,117.3588293,106.813196,1.346359832,1.527390168,1.447900558,1.231069531,1.012110476,1.516388879,0.975159728,1.568154204,1.090870495,-0.21986,-0.02359,3.2041,-0.71814,0.83789,-0.15935,-0.67051,0.70663,-0.66394,0.2944,-0.48239,0.44475,-0.79377,0.52384,129.9965,27.1204,134.7879,144.1387,29.6778,-52.1641,28.0543,158.6992,27.2521,172.0796,26.0344,4.74,3.28,9.7,2.97,1.5,2.03,2.75,1.02,1.88,521.79,522.87,56.226,1.66,1756.56,549.1817,3610.02,55.4932,2.71,1.03,1.9,2,1,1,1.35614444,1.084900356,1.085497097,1.083730961,0.973899875,113.1976425,116.8702434,117.7843715,106.7360229,124.6529327,0.140336653,0.047295572,-0.26424,0.01276,7.45553,158.6183,25.2021,175.7165,180.6481,30.5203,-52.885,30.6306,30.2971,26.1289,-0.73349,0.82535,-0.38272,-0.45503,-0.63083,91.15,33.975,-0.25805,-0.10973,0,6.15825,0.61168,123.13,54.677,1.35,0.69974,1.20367,-0.2652,-0.0919,8.6944,1.406851126,1.40684054,1.565189652,56.8393,59.9371,59.9703,83.3588,-0.36827,-0.19508,-0.19508,277.66,255.32,52.744,1.43,1.78781,0.89525,0.69034,14.8576,-0.19038,-0.02356,136.53,98.77,66.378,1.32,0.76466,4.5053,0.40063,0.36793,-0.18794,-0.07871,7.5468,96.82,66.16,40.159,1.22,20,1.5,1.5,12,80,13.63,94
0.26582,0.05506,14.24984537,133.7815987,49.08916735,179.4288661,114.5383826,131.801194,19.14169613,113.8631474,112.4996493,128.3821637,117.0629423,114.1165211,110.448737,106.2983985,117.3588293,106.813196,1.346359832,1.527390168,1.447900558,1.231069531,1.012110476,1.516388879,0.975159728,1.568154204,1.090870495,-0.21986,-0.02359,3.2041,-0.71814,0.83789,-0.15935,-0.67051,0.70663,-0.66394,0.2944,-0.48239,0.44475,-0.79377,0.52384,129.9965,27.1204,134.7879,144.1387,29.6778,-52.1641,28.0543,158.6992,27.2521,172.0796,26.0344,4.74,3.28,9.7,2.97,1.5,2.03,2.75,1.02,1.88,521.79,522.87,56.226,1.66,1756.56,549.1817,3610.02,55.4932,2.71,1.03,1.9,2,1,1,1.35614444,1.084900356,1.085497097,1.083730961,0.973899875,113.1976425,116.8702434,117.7843715,106.7360229,124.6529327,0.140336653,0.047295572,-0.26424,0.01276,7.45553,158.6183,25.2021,175.7165,180.6481,30.5203,-52.885,30.6306,30.2971,26.1289,-0.73349,0.82535,-0.38272,-0.45503,-0.63083,91.15,33.975,-0.25805,-0.10973,0,6.15825,0.61168,123.13,54.677,1.35,0.69974,1.3233,-0.25896,-0.05897,8.7529,1.406602025,1.406591234,1.56391865,59.9996,61.0573,61.0811,83.2863,-0.37778,-0.19867,-0.1987,272.93,253.33,29.165,1.41,1.78781,0.89525,0.69034,14.8576,-0.19038,-0.02356,136.53,98.77,66.378,1.32,0.76466,4.5053,0.40063,0.36793,-0.18794,-0.07871,7.5468,96.82,66.16,40.159,1.22,20,1.5,1.5,12,80,13.63,94
0.26582,0.05506,14.24984537,133.7815987,49.08916735,179.4288661,114.5383826,131.801194,19.14169613,113.8631474,112.4996493,128.3821637,117.0629423,114.1165211,110.448737,106.2983985,117.3588293,106.813196,1.346359832,1.527390168,1.447900558,1.231069531,1.012110476,1.516388879,0.975159728,1.568154204,1.090870495,-0.21986,-0.02359,3.2041,-0.71814,0.83789,-0.15935,-0.67051,0.70663,-0.66394,0.2944,-0.48239,0.44475,-0.79377,0.52384,129.9965,27.1204,134.7879,144.1387,29.6778,-52.1641,28.0543,158.6992,27.2521,172.0796,26.0344,4.74,3.28,9.7,2.97,1.5,2.03,2.75,1.02,1.88,521.79,522.87,56.226,1.66,1756.56,549.1817,3610.02,55.4932,2.71,1.03,1.9,2,1,1,1.35614444,1.084900356,1.085497097,1.083730961,0.973899875,113.1976425,116.8702434,117.7843715,106.7360229,124.6529327,0.140336653,0.047295572,-0.26424,0.01276,7.45553,158.6183,25.2021,175.7165,180.6481,30.5203,-52.885,30.6306,30.2971,26.1289,-0.73349,0.82535,-0.38272,-0.45503,-0.63083,91.15,33.975,-0.25805,-0.10973,0,6.15825,0.61168,123.13,54.677,1.35,0.69974,1.32496,-0.24228,-0.02013,4.1986,1.407389215,1.407386606,1.557288196,70.25,58.7646,58.7892,83.1413,-0.43267,-0.18602,-0.18608,257.72,238.35,13.79,1.39,1.78781,0.89525,0.69034,14.8576,-0.19038,-0.02356,136.53,98.77,66.378,1.32,0.76466,4.5053,0.40063,0.36793,-0.18794,-0.07871,7.5468,96.82,66.16,40.159,1.22,20,1.5,1.5,12,80,13.63,94
0.26582,0.05506,14.24984537,133.7815987,49.08916735,179.4288661,114.5383826,131.801194,19.14169613,113.8631474,112.4996493,128.3821637,117.0629423,114.1165211,110.448737,106.2983985,117.3588293,106.813196,1.346359832,1.527390168,1.447900558,1.231069531,1.012110476,1.516388879,0.975159728,1.568154204,1.090870495,-0.21986,-0.02359,3.2041,-0.71814,0.83789,-0.15935,-0.67051,0.70663,-0.66394,0.2944,-0.48239,0.44475,-0.79377,0.52384,129.9965,27.1204,134.7879,144.1387,29.6778,-52.1641,28.0543,158.6992,27.2521,172.0796,26.0344,4.74,3.28,9.7,2.97,1.5,2.03,2.75,1.02,1.88,521.79,522.87,56.226,1.66,1756.56,549.1817,3610.02,55.4932,2.71,1.03,1.9,2,1,1,1.35614444,1.084900356,1.085497097,1.083730961,0.973899875,113.1976425,116.8702434,117.7843715,106.7360229,124.6529327,0.140336653,0.047295572,-0.26424,0.01276,7.45553,158.6183,25.2021,175.7165,180.6481,30.5203,-52.885,30.6306,30.2971,26.1289,-0.73349,0.82535,-0.38272,-0.45503,-0.63083,91.15,33.975,-0.25805,-0.10973,0,6.15825,0.61168,123.13,54.677,1.35,0.69974,1.325,-0.24508,-0.03034,5.1475,1.40584728,1.405860311,1.55959306,67.1238,59.7062,59.7561,83.166,-0.4139,-0.18634,-0.18642,267.78,247.49,13.787,1.4,1.78781,0.89525,0.69034,14.8576,-0.19038,-0.02356,136.53,98.77,66.378,1.32,0.76466,4.5053,0.40063,0.36793,-0.18794,-0.07871,7.5468,96.82,66.16,40.159,1.22,20,1.5,1.5,12,80,13.63,94
0.26582,0.05506,14.24984537,133.7815987,49.08916735,179.4288661,114.5383826,131.801194,19.14169613,113.8631474,112.4996493,128.3821637,117.0629423,114.1165211,110.448737,106.2983985,117.3588293,106.813196,1.346359832,1.527390168,1.447900558,1.231069531,1.012110476,1.516388879,0.975159728,1.568154204,1.090870495,-0.21986,-0.02359,3.2041,-0.71814,0.83789,-0.15935,-0.67051,0.70663,-0.66394,0.2944,-0.48239,0.44475,-0.79377,0.52384,129.9965,27.1204,134.7879,144.1387,29.6778,-52.1641,28.0543,158.6992,27.2521,172.0796,26.0344,4.74,3.28,9.7,2.97,1.5,2.03,2.75,1.02,1.88,521.79,522.87,56.226,1.66,1756.56,549.1817,3610.02,55.4932,2.71,1.03,1.9,2,1,1,1.35614444,1.084900356,1.085497097,1.083730961,0.973899875,113.1976425,116.8702434,117.7843715,106.7360229,124.6529327,0.140336653,0.047295572,-0.26424,0.01276,7.45553,158.6183,25.2021,175.7165,180.6481,30.5203,-52.885,30.6306,30.2971,26.1289,-0.73349,0.82535,-0.38272,-0.45503,-0.63083,91.15,33.975,-0.25805,-0.10973,0,6.15825,0.61168,123.13,54.677,1.35,0.69974,1.31855,-0.23618,-0.01935,1.8075,1.405490099,1.408195256,1.556436817,69.6796,61.266,61.6429,82.7897,-0.43117,-0.19622,-0.1976,271.97,252.04,13.805,1.41,1.78781,0.89525,0.69034,14.8576,-0.19038,-0.02356,136.53,98.77,66.378,1.32,0.76466,4.5053,0.40063,0.36793,-0.18794,-0.07871,7.5468,96.82,66.16,40.159,1.22,20,1.5,1.5,12,80,13.63,98
0.26582,0.05506,14.24984537,133.7815987,49.08916735,179.4288661,114.5383826,131.801194,19.14169613,113.8631474,112.4996493,128.3821637,117.0629423,114.1165211,110.448737,106.2983985,117.3588293,106.813196,1.346359832,1.527390168,1.447900558,1.231069531,1.012110476,1.516388879,0.975159728,1.568154204,1.090870495,-0.21986,-0.02359,3.2041,-0.71814,0.83789,-0.15935,-0.67051,0.70663,-0.66394,0.2944,-0.48239,0.44475,-0.79377,0.52384,129.9965,27.1204,134.7879,144.1387,29.6778,-52.1641,28.0543,158.6992,27.2521,172.0796,26.0344,4.74,3.28,9.7,2.97,1.5,2.03,2.75,1.02,1.88,521.79,522.87,56.226,1.66,1756.56,549.1817,3610.02,55.4932,2.71,1.03,1.9,2,1,1,1.35614444,1.084900356,1.085497097,1.083730961,0.973899875,113.1976425,116.8702434,117.7843715,106.7360229,124.6529327,0.140336653,0.047295572,-0.26424,0.01276,7.45553,158.6183,25.2021,175.7165,180.6481,30.5203,-52.885,30.6306,30.2971,26.1289,-0.73349,0.82535,-0.38272,-0.45503,-0.63083,91.15,33.975,-0.25805,-0.10973,0,6.15825,0.61168,123.13,54.677,1.35,0.69974,1.0311,-0.24426,-0.02575,5.0978,1.404724823,1.406798816,1.558231722,69.0441,59.1183,59.064,83.2233,-0.42366,-0.18033,-0.18451,297.32,274.52,20.328,1.46,1.78781,0.89525,0.69034,14.8576,-0.19038,-0.02356,136.53,98.77,66.378,1.32,0.76466,4.5053,0.40063,0.36793,-0.18794,-0.07871,7.5468,96.82,66.16,40.159,1.22,20,1.5,1.5,12,80,13.63,94
0.26582,0.05506,14.24984537,133.7815987,49.08916735,179.4288661,114.5383826,131.801194,19.14169613,113.8631474,112.4996493,128.3821637,117.0629423,114.1165211,110.448737,106.2983985,117.3588293,106.813196,1.346359832,1.527390168,1.447900558,1.231069531,1.012110476,1.516388879,0.975159728,1.568154204,1.090870495,-0.21986,-0.02359,3.2041,-0.71814,0.83789,-0.15935,-0.67051,0.70663,-0.66394,0.2944,-0.48239,0.44475,-0.79377,0.52384,129.9965,27.1204,134.7879,144.1387,29.6778,-52.1641,28.0543,158.6992,27.2521,172.0796,26.0344,4.74,3.28,9.7,2.97,1.5,2.03,2.75,1.02,1.88,521.79,522.87,56.226,1.66,1756.56,549.1817,3610.02,55.4932,2.71,1.03,1.9,2,1,1,1.35614444,1.084900356,1.085497097,1.083730961,0.973899875,113.1976425,116.8702434,117.7843715,106.7360229,124.6529327,0.140336653,0.047295572,-0.26424,0.01276,7.45553,158.6183,25.2021,175.7165,180.6481,30.5203,-52.885,30.6306,30.2971,26.1289,-0.73349,0.82535,-0.38272,-0.45503,-0.63083,91.15,33.975,-0.25805,-0.10973,0,6.15825,0.61168,123.13,54.677,1.35,0.69974,0.78593,-0.25782,-0.03323,5.1694,1.406295584,1.403579133,1.561168239,65.0434,57.8614,63.2018,83.1293,-0.404,-0.18334,-0.17231,287.7,265.84,13.794,1.44,1.78781,0.89525,0.69034,14.8576,-0.19038,-0.02356,136.53,98.77,66.378,1.32,0.76466,4.5053,0.40063,0.36793,-0.18794,-0.07871,7.5468,96.82,66.16,40.159,1.22,20,1.5,1.5,12,80,13.63,84
0.26582,0.05506,14.24984537,133.7815987,49.08916735,179.4288661,114.5383826,131.801194,19.14169613,113.8631474,112.4996493,128.3821637,117.0629423,114.1165211,110.448737,106.2983985,117.3588293,106.813196,1.346359832,1.527390168,1.447900558,1.231069531,1.012110476,1.516388879,0.975159728,1.568154204,1.090870495,-0.21986,-0.02359,3.2041,-0.71814,0.83789,-0.15935,-0.67051,0.70663,-0.66394,0.2944,-0.48239,0.44475,-0.79377,0.52384,129.9965,27.1204,134.7879,144.1387,29.6778,-52.1641,28.0543,158.6992,27.2521,172.0796,26.0344,4.74,3.28,9.7,2.97,1.5,2.03,2.75,1.02,1.88,521.79,522.87,56.226,1.66,1756.56,549.1817,3610.02,55.4932,2.71,1.03,1.9,2,1,1,1.35614444,1.084900356,1.085497097,1.083730961,0.973899875,113.1976425,116.8702434,117.7843715,106.7360229,124.6529327,0.140336653,0.047295572,-0.26424,0.01276,7.45553,158.6183,25.2021,175.7165,180.6481,30.5203,-52.885,30.6306,30.2971,26.1289,-0.73349,0.82535,-0.38272,-0.45503,-0.63083,91.15,33.975,-0.25805,-0.10973,0,6.15825,0.61168,123.13,54.677,1.35,0.69974,0.84714,-0.25424,-0.04432,2.415,1.407174974,1.402386252,1.560554402,65.5282,56.5954,58.7003,82.9981,-0.41348,-0.17721,-0.15312,305,281.97,33.844,1.47,1.78781,0.89525,0.69034,14.8576,-0.19038,-0.02356,136.53,98.77,66.378,1.32,0.76466,4.5053,0.40063,0.36793,-0.18794,-0.07871,7.5468,96.82,66.16,40.159,1.22,20,1.5,1.5,12,80,13.63,90
0.26582,0.05506,14.24984537,133.7815987,49.08916735,179.4288661,114.5383826,131.801194,19.14169613,113.8631474,112.4996493,128.3821637,117.0629423,114.1165211,110.448737,106.2983985,117.3588293,106.813196,1.346359832,1.527390168,1.447900558,1.231069531,1.012110476,1.516388879,0.975159728,1.568154204,1.090870495,-0.21986,-0.02359,3.2041,-0.71814,0.83789,-0.15935,-0.67051,0.70663,-0.66394,0.2944,-0.48239,0.44475,-0.79377,0.52384,129.9965,27.1204,134.7879,144.1387,29.6778,-52.1641,28.0543,158.6992,27.2521,172.0796,26.0344,4.74,3.28,9.7,2.97,1.5,2.03,2.75,1.02,1.88,521.79,522.87,56.226,1.66,1756.56,549.1817,3610.02,55.4932,2.71,1.03,1.9,2,1,1,1.35614444,1.084900356,1.085497097,1.083730961,0.973899875,113.1976425,116.8702434,117.7843715,106.7360229,124.6529327,0.140336653,0.047295572,-0.26424,0.01276,7.45553,158.6183,25.2021,175.7165,180.6481,30.5203,-52.885,30.6306,30.2971,26.1289,-0.73349,0.82535,-0.38272,-0.45503,-0.63083,91.15,33.975,-0.25805,-0.10973,0,6.15825,0.61168,123.13,54.677,1.35,0.69974,0.56448,-0.25171,-0.04394,0.3952,1.41075387,1.402862302,1.578300102,56.4898,62.7951,64.5029,81.4542,-0.33183,-0.15138,-0.2248,299.61,280.75,30.515,1.44,1.78781,0.89525,0.69034,14.8576,-0.19038,-0.02356,136.53,98.77,66.378,1.32,0.76466,4.5053,0.40063,0.36793,-0.18794,-0.07871,7.5468,96.82,66.16,40.159,1.22,20,1.5,1.5,12,80,13.63,98
0.26582,0.05506,14.24984537,133.7815987,49.08916735,179.4288661,114.5383826,131.801194,19.14169613,113.8631474,112.4996493,128.3821637,117.0629423,114.1165211,110.448737,106.2983985,117.3588293,106.813196,1.346359832,1.527390168,1.447900558,1.231069531,1.012110476,1.516388879,0.975159728,1.568154204,1.090870495,-0.21986,-0.02359,3.2041,-0.71814,0.83789,-0.15935,-0.67051,0.70663,-0.66394,0.2944,-0.48239,0.44475,-0.79377,0.52384,129.9965,27.1204,134.7879,144.1387,29.6778,-52.1641,28.0543,158.6992,27.2521,172.0796,26.0344,4.74,3.28,9.7,2.97,1.5,2.03,2.75,1.02,1.88,521.79,522.87,56.226,1.66,1756.56,549.1817,3610.02,55.4932,2.71,1.03,1.9,2,1,1,1.35614444,1.084900356,1.085497097,1.083730961,0.973899875,113.1976425,116.8702434,117.7843715,106.7360229,124.6529327,0.140336653,0.047295572,-0.26424,0.01276,7.45553,158.6183,25.2021,175.7165,180.6481,30.5203,-52.885,30.6306,30.2971,26.1289,-0.73349,0.82535,-0.38272,-0.45503,-0.63083,91.15,33.975,-0.25805,-0.10973,0,6.15825,0.61168,123.13,54.677,1.35,0.69974,1.32655,-0.24689,-0.02215,2.4744,1.407188607,1.40714233,1.558678082,66.3684,61.5069,61.4315,82.825,-0.41935,-0.20325,-0.20325,251.98,233.75,13.784,1.37,1.78781,0.89525,0.69034,14.8576,-0.19038,-0.02356,136.53,98.77,66.378,1.32,0.76466,4.5053,0.40063,0.36793,-0.18794,-0.07871,7.5468,96.82,66.16,40.159,1.22,20,1.5,1.5,12,80,13.63,96
0.26582,0.05506,14.24984537,133.7815987,49.08916735,179.4288661,114.5383826,131.801194,19.14169613,113.8631474,112.4996493,128.3821637,117.0629423,114.1165211,110.448737,106.2983985,117.3588293,106.813196,1.346359832,1.527390168,1.447900558,1.231069531,1.012110476,1.516388879,0.975159728,1.568154204,1.090870495,-0.21986,-0.02359,3.2041,-0.71814,0.83789,-0.15935,-0.67051,0.70663,-0.66394,0.2944,-0.48239,0.44475,-0.79377,0.52384,129.9965,27.1204,134.7879,144.1387,29.6778,-52.1641,28.0543,158.6992,27.2521,172.0796,26.0344,4.74,3.28,9.7,2.97,1.5,2.03,2.75,1.02,1.88,521.79,522.87,56.226,1.66,1756.56,549.1817,3610.02,55.4932,2.71,1.03,1.9,2,1,1,1.35614444,1.084900356,1.085497097,1.083730961,0.973899875,113.1976425,116.8702434,117.7843715,106.7360229,124.6529327,0.140336653,0.047295572,-0.26424,0.01276,7.45553,158.6183,25.2021,175.7165,180.6481,30.5203,-52.885,30.6306,30.2971,26.1289,-0.73349,0.82535,-0.38272,-0.45503,-0.63083,91.15,33.975,-0.25805,-0.10973,0,6.15825,0.61168,123.13,54.677,1.35,0.69974,0.29832,-0.26125,-0.05336,4.3189,1.40402279,1.402010724,1.562156737,64.7371,55.6591,54.4489,83.1566,-0.40715,-0.1363,-0.13051,358.05,330.2,53.88,1.55,1.78781,0.89525,0.69034,14.8576,-0.19038,-0.02356,136.53,98.77,66.378,1.32,0.76466,4.5053,0.40063,0.36793,-0.18794,-0.07871,7.5468,96.82,66.16,40.159,1.22,20,1.5,1.5,12,80,13.63,94
0.26582,0.05506,14.24984537,133.7815987,49.08916735,179.4288661,114.5383826,131.801194,19.14169613,113.8631474,112.4996493,128.3821637,117.0629423,114.1165211,110.448737,106.2983985,117.3588293,106.813196,1.346359832,1.527390168,1.447900558,1.231069531,1.012110476,1.516388879,0.975159728,1.568154204,1.090870495,-0.21986,-0.02359,3.2041,-0.71814,0.83789,-0.15935,-0.67051,0.70663,-0.66394,0.2944,-0.48239,0.44475,-0.79377,0.52384,129.9965,27.1204,134.7879,144.1387,29.6778,-52.1641,28.0543,158.6992,27.2521,172.0796,26.0344,4.74,3.28,9.7,2.97,1.5,2.03,2.75,1.02,1.88,521.79,522.87,56.226,1.66,1756.56,549.1817,3610.02,55.4932,2.71,1.03,1.9,2,1,1,1.35614444,1.084900356,1.085497097,1.083730961,0.973899875,113.1976425,116.8702434,117.7843715,106.7360229,124.6529327,0.140336653,0.047295572,-0.26424,0.01276,7.45553,158.6183,25.2021,175.7165,180.6481,30.5203,-52.885,30.6306,30.2971,26.1289,-0.73349,0.82535,-0.38272,-0.45503,-0.63083,91.15,33.975,-0.25805,-0.10973,0,6.15825,0.61168,123.13,54.677,1.35,0.69974,0.25619,-0.21315,-0.0221,4.3887,1.40554127,1.40637385,1.570923054,74.1935,58.865,67.4812,82.874,-0.40251,0.18543,-0.22414,385.81,369.47,27.802,1.55,1.78781,0.89525,0.69034,14.8576,-0.19038,-0.02356,136.53,98.77,66.378,1.32,0.76466,4.5053,0.40063,0.36793,-0.18794,-0.07871,7.5468,96.82,66.16,40.159,1.22,20,1.5,1.5,12,80,13.63,98
0.16926,0.05021,26.08495636,135.7675476,41.87584396,174.0796793,102.7540187,143.5145906,21.17333515,113.2296348,111.5992187,127.6311715,117.4482399,114.5166333,110.7394718,106.1039791,117.1209233,107.2567954,1.347252611,1.525525617,1.45155396,1.232587039,1.011864002,1.515202716,0.974949058,1.564527676,1.090576308,-0.21853,-0.02222,3.8975,-0.72245,0.84026,-0.15743,-0.66924,0.71278,-0.66657,0.29135,-0.48165,0.4464,-0.79194,0.52399,133.5873,28.2872,133.6148,144.9182,28.8863,-47.7122,27.965,158.9537,26.9626,172.4415,25.6143,6.21,3.86,9.41,2.97,1.5,2.03,2.75,1.02,1.88,612.37,612.84,54.725,1.76,1747.02,674.6343,3615.83,64.6047,2.71,1.03,1.9,2,1,1,1.35614444,1.084900356,1.085497097,1.083730961,0.973899875,113.1976425,116.8702434,117.7843715,106.7360229,124.6529327,0.140336653,0.047295572,-0.26424,0.01276,7.45553,158.6183,25.2021,175.7165,180.6481,30.5203,-52.885,30.6306,30.2971,26.1289,-0.73349,0.82535,-0.38272,-0.45503,-0.63083,91.15,33.975,-0.2376,-0.06347,1.1414,1.55657,0.28081,184.51,0,1.51,0.23406,0.5165,-0.21687,-0.05508,2.9133,1.342060019,1.473701487,2.200564065,51.8173,56.9703,51.6551,43.4357,-0.13919,-0.23455,-0.10834,253.91,240.6,0,1.36,1.78781,0.89525,0.69034,14.8576,-0.19038,-0.02356,136.53,98.77,66.378,1.32,0.76466,4.5053,0.40063,0.36793,-0.18794,-0.07871,7.5468,96.82,66.16,40.159,1.22,20,1.5,1.5,12,80,13.63,96
0.16926,0.05021,26.08495636,135.7675476,41.87584396,174.0796793,102.7540187,143.5145906,21.17333515,113.2296348,111.5992187,127.6311715,117.4482399,114.5166333,110.7394718,106.1039791,117.1209233,107.2567954,1.347252611,1.525525617,1.45155396,1.232587039,1.011864002,1.515202716,0.974949058,1.564527676,1.090576308,-0.21853,-0.02222,3.8975,-0.72245,0.84026,-0.15743,-0.66924,0.71278,-0.66657,0.29135,-0.48165,0.4464,-0.79194,0.52399,133.5873,28.2872,133.6148,144.9182,28.8863,-47.7122,27.965,158.9537,26.9626,172.4415,25.6143,6.21,3.86,9.41,2.97,1.5,2.03,2.75,1.02,1.88,612.37,612.84,54.725,1.76,1747.02,674.6343,3615.83,64.6047,2.71,1.03,1.9,2,1,1,1.35614444,1.084900356,1.085497097,1.083730961,0.973899875,113.1976425,116.8702434,117.7843715,106.7360229,124.6529327,0.140336653,0.047295572,-0.26424,0.01276,7.45553,158.6183,25.2021,175.7165,180.6481,30.5203,-52.885,30.6306,30.2971,26.1289,-0.73349,0.82535,-0.38272,-0.45503,-0.63083,91.15,33.975,-0.2376,-0.06347,1.1414,1.55657,0.28081,184.51,0,1.51,0.23406,3.03363,-0.22201,-0.03871,2.7031,1.339480022,1.4957886,2.192571553,48.8053,58.3035,163.5176,45.7252,-0.12732,-0.26299,-0.73216,194.03,175.26,0,1.28,1.78781,0.89525,0.69034,14.8576,-0.19038,-0.02356,136.53,98.77,66.378,1.32,0.76466,4.5053,0.40063,0.36793,-0.18794,-0.07871,7.5468,96.82,66.16,40.159,1.22,20,1.5,1.5,12,80,13.63,94
0.16926,0.05021,26.08495636,135.7675476,41.87584396,174.0796793,102.7540187,143.5145906,21.17333515,113.2296348,111.5992187,127.6311715,117.4482399,114.5166333,110.7394718,106.1039791,117.1209233,107.2567954,1.347252611,1.525525617,1.45155396,1.232587039,1.011864002,1.515202716,0.974949058,1.564527676,1.090576308,-0.21853,-0.02222,3.8975,-0.72245,0.84026,-0.15743,-0.66924,0.71278,-0.66657,0.29135,-0.48165,0.4464,-0.79194,0.52399,133.5873,28.2872,133.6148,144.9182,28.8863,-47.7122,27.965,158.9537,26.9626,172.4415,25.6143,6.21,3.86,9.41,2.97,1.5,2.03,2.75,1.02,1.88,612.37,612.84,54.725,1.76,1747.02,674.6343,3615.83,64.6047,2.71,1.03,1.9,2,1,1,1.35614444,1.084900356,1.085497097,1.083730961,0.973899875,113.1976425,116.8702434,117.7843715,106.7360229,124.6529327,0.140336653,0.047295572,-0.26424,0.01276,7.45553,158.6183,25.2021,175.7165,180.6481,30.5203,-52.885,30.6306,30.2971,26.1289,-0.73349,0.82535,-0.38272,-0.45503,-0.63083,91.15,33.975,-0.2376,-0.06347,1.1414,1.55657,0.28081,184.51,0,1.51,0.23406,1.71531,-0.22256,-0.03836,2.8776,1.339521658,1.501564541,2.202245108,39.7666,58.4786,158.5255,46.8279,-0.11895,-0.25939,-0.50726,213.94,193.84,0,1.32,1.78781,0.89525,0.69034,14.8576,-0.19038,-0.02356,136.53,98.77,66.378,1.32,0.76466,4.5053,0.40063,0.36793,-0.18794,-0.07871,7.5468,96.82,66.16,40.159,1.22,20,1.5,1.5,12,80,13.63,88
0.16926,0.05021,26.08495636,135.7675476,41.87584396,174.0796793,102.7540187,143.5145906,21.17333515,113.2296348,111.5992187,127.6311715,117.4482399,114.5166333,110.7394718,106.1039791,117.1209233,107.2567954,1.347252611,1.525525617,1.45155396,1.232587039,1.011864002,1.515202716,0.974949058,1.564527676,1.090576308,-0.21853,-0.02222,3.8975,-0.72245,0.84026,-0.15743,-0.66924,0.71278,-0.66657,0.29135,-0.48165,0.4464,-0.79194,0.52399,133.5873,28.2872,133.6148,144.9182,28.8863,-47.7122,27.965,158.9537,26.9626,172.4415,25.6143,6.21,3.86,9.41,2.97,1.5,2.03,2.75,1.02,1.88,612.37,612.84,54.725,1.76,1747.02,674.6343,3615.83,64.6047,2.71,1.03,1.9,2,1,1,1.35614444,1.084900356,1.085497097,1.083730961,0.973899875,113.1976425,116.8702434,117.7843715,106.7360229,124.6529327,0.140336653,0.047295572,-0.26424,0.01276,7.45553,158.6183,25.2021,175.7165,180.6481,30.5203,-52.885,30.6306,30.2971,26.1289,-0.73349,0.82535,-0.38272,-0.45503,-0.63083,91.15,33.975,-0.2376,-0.06347,1.1414,1.55657,0.28081,184.51,0,1.51,0.23406,0.55287,-0.22067,-0.03803,2.8251,1.340521537,1.499297683,2.197978906,42.4519,58.981,149.4538,46.1955,-0.11444,-0.26079,-0.50896,253.39,230.52,0,1.39,1.78781,0.89525,0.69034,14.8576,-0.19038,-0.02356,136.53,98.77,66.378,1.32,0.76466,4.5053,0.40063,0.36793,-0.18794,-0.07871,7.5468,96.82,66.16,40.159,1.22,20,1.5,1.5,12,80,13.63,84
0.16926,0.05021,26.08495636,135.7675476,41.87584396,174.0796793,102.7540187,143.5145906,21.17333515,113.2296348,111.5992187,127.6311715,117.4482399,114.5166333,110.7394718,106.1039791,117.1209233,107.2567954,1.347252611,1.525525617,1.45155396,1.232587039,1.011864002,1.515202716,0.974949058,1.564527676,1.090576308,-0.21853,-0.02222,3.8975,-0.72245,0.84026,-0.15743,-0.66924,0.71278,-0.66657,0.29135,-0.48165,0.4464,-0.79194,0.52399,133.5873,28.2872,133.6148,144.9182,28.8863,-47.7122,27.965,158.9537,26.9626,172.4415,25.6143,6.21,3.86,9.41,2.97,1.5,2.03,2.75,1.02,1.88,612.37,612.84,54.725,1.76,1747.02,674.6343,3615.83,64.6047,2.71,1.03,1.9,2,1,1,1.35614444,1.084900356,1.085497097,1.083730961,0.973899875,113.1976425,116.8702434,117.7843715,106.7360229,124.6529327,0.140336653,0.047295572,-0.26424,0.01276,7.45553,158.6183,25.2021,175.7165,180.6481,30.5203,-52.885,30.6306,30.2971,26.1289,-0.73349,0.82535,-0.38272,-0.45503,-0.63083,91.15,33.975,-0.2376,-0.06347,1.1414,1.55657,0.28081,184.51,0,1.51,0.23406,3.68364,-0.22836,-0.02976,3.2635,1.33878092,2.150184275,2.215393211,58.9317,59.8523,29.6876,48.1208,-0.14505,-0.02918,0.25988,151.06,127.86,0,1.23,1.78781,0.89525,0.69034,14.8576,-0.19038,-0.02356,136.53,98.77,66.378,1.32,0.76466,4.5053,0.40063,0.36793,-0.18794,-0.07871,7.5468,96.82,66.16,40.159,1.22,20,1.5,1.5,12,80,13.63,90
0.16926,0.05021,26.08495636,135.7675476,41.87584396,174.0796793,102.7540187,143.5145906,21.17333515,113.2296348,111.5992187,127.6311715,117.4482399,114.5166333,110.7394718,106.1039791,117.1209233,107.2567954,1.347252611,1.525525617,1.45155396,1.232587039,1.011864002,1.515202716,0.974949058,1.564527676,1.090576308,-0.21853,-0.02222,3.8975,-0.72245,0.84026,-0.15743,-0.66924,0.71278,-0.66657,0.29135,-0.48165,0.4464,-0.79194,0.52399,133.5873,28.2872,133.6148,144.9182,28.8863,-47.7122,27.965,158.9537,26.9626,172.4415,25.6143,6.21,3.86,9.41,2.97,1.5,2.03,2.75,1.02,1.88,612.37,612.84,54.725,1.76,1747.02,674.6343,3615.83,64.6047,2.71,1.03,1.9,2,1,1,1.35614444,1.084900356,1.085497097,1.083730961,0.973899875,113.1976425,116.8702434,117.7843715,106.7360229,124.6529327,0.140336653,0.047295572,-0.26424,0.01276,7.45553,158.6183,25.2021,175.7165,180.6481,30.5203,-52.885,30.6306,30.2971,26.1289,-0.73349,0.82535,-0.38272,-0.45503,-0.63083,91.15,33.975,-0.2376,-0.06347,1.1414,1.55657,0.28081,184.51,0,1.51,0.23406,4.54434,-0.23134,-0.02928,3.2023,1.331729225,1.50369467,2.189718855,53.3826,59.9403,150.4843,46.9547,-0.16499,-0.23801,-0.50422,153.03,133.69,0,1.21,1.78781,0.89525,0.69034,14.8576,-0.19038,-0.02356,136.53,98.77,66.378,1.32,0.76466,4.5053,0.40063,0.36793,-0.18794,-0.07871,7.5468,96.82,66.16,40.159,1.22,20,1.5,1.5,12,80,13.63,96
0.16926,0.05021,26.08495636,135.7675476,41.87584396,174.0796793,102.7540187,143.5145906,21.17333515,113.2296348,111.5992187,127.6311715,117.4482399,114.5166333,110.7394718,106.1039791,117.1209233,107.2567954,1.347252611,1.525525617,1.45155396,1.232587039,1.011864002,1.515202716,0.974949058,1.564527676,1.090576308,-0.21853,-0.02222,3.8975,-0.72245,0.84026,-0.15743,-0.66924,0.71278,-0.66657,0.29135,-0.48165,0.4464,-0.79194,0.52399,133.5873,28.2872,133.6148,144.9182,28.8863,-47.7122,27.965,158.9537,26.9626,172.4415,25.6143,6.21,3.86,9.41,2.97,1.5,2.03,2.75,1.02,1.88,612.37,612.84,54.725,1.76,1747.02,674.6343,3615.83,64.6047,2.71,1.03,1.9,2,1,1,1.35614444,1.084900356,1.085497097,1.083730961,0.973899875,113.1976425,116.8702434,117.7843715,106.7360229,124.6529327,0.140336653,0.047295572,-0.26424,0.01276,7.45553,158.6183,25.2021,175.7165,180.6481,30.5203,-52.885,30.6306,30.2971,26.1289,-0.73349,0.82535,-0.38272,-0.45503,-0.63083,91.15,33.975,-0.2376,-0.06347,1.1414,1.55657,0.28081,184.51,0,1.51,0.23406,1.18986,-0.20547,-0.02867,5.6119,1.339665675,1.500723139,2.161608358,76.4959,65.9378,155.2976,47.6981,-0.24444,-0.04871,-0.50219,256.81,231.51,17.907,1.41,1.78781,0.89525,0.69034,14.8576,-0.19038,-0.02356,136.53,98.77,66.378,1.32,0.76466,4.5053,0.40063,0.36793,-0.18794,-0.07871,7.5468,96.82,66.16,40.159,1.22,20,1.5,1.5,12,80,13.63,94
